Delayed,CARRIER,DAY_OF_WEEK,DEP_TIME,DEST,ORIGIN,Weather,Origin_BWI
0,OH,4,1455,JFK,BWI,0,
0,DH,4,1640,JFK,DCA,0,
0,DH,4,1245,LGA,IAD,0,
0,DH,4,1709,LGA,IAD,0,
0,DH,4,1035,LGA,IAD,0,
0,DH,4,839,JFK,IAD,0,
0,DH,4,1243,JFK,IAD,0,
0,DH,4,1644,JFK,IAD,0,
0,DH,4,1710,JFK,IAD,0,
0,DH,4,2129,JFK,IAD,0,
0,DH,4,2114,LGA,IAD,0,
0,DL,4,1458,JFK,DCA,0,
0,DL,4,932,LGA,DCA,0,
0,DL,4,1228,LGA,DCA,0,
0,DL,4,1429,LGA,DCA,0,
0,DL,4,1728,LGA,DCA,0,
0,DL,4,2029,LGA,DCA,0,
0,MQ,4,1525,JFK,DCA,0,
0,MQ,4,556,JFK,DCA,0,
0,MQ,4,1822,JFK,DCA,0,
0,MQ,4,853,LGA,DCA,0,
0,MQ,4,1254,LGA,DCA,0,
0,MQ,4,1356,LGA,DCA,0,
0,MQ,4,1452,LGA,DCA,0,
0,MQ,4,1853,LGA,DCA,0,
0,UA,4,841,LGA,IAD,0,
0,US,4,858,LGA,DCA,0,
0,US,4,1056,LGA,DCA,0,
0,US,4,1253,LGA,DCA,0,
0,US,4,1458,LGA,DCA,0,
0,US,4,1655,LGA,DCA,0,
0,US,4,2055,LGA,DCA,0,
0,RU,4,1452,EWR,BWI,0,
0,RU,4,1710,EWR,BWI,0,
0,RU,4,1030,EWR,BWI,0,
0,RU,4,656,EWR,BWI,0,
0,CO,4,1256,EWR,DCA,0,
0,CO,4,1726,EWR,DCA,0,
0,DH,4,840,EWR,IAD,0,
0,DH,4,1704,EWR,IAD,0,
0,DH,4,1245,EWR,IAD,0,
0,DH,4,2118,EWR,IAD,0,
0,RU,4,1651,EWR,IAD,0,
0,RU,4,1850,EWR,IAD,0,
0,RU,4,1521,EWR,DCA,0,
0,RU,4,1855,EWR,DCA,0,
0,RU,4,1357,EWR,DCA,0,
0,RU,4,1508,EWR,IAD,0,
0,RU,4,1255,EWR,IAD,0,
0,RU,4,1625,EWR,DCA,0,
0,OH,5,1455,JFK,BWI,0,
0,DH,5,1641,JFK,DCA,0,
0,DH,5,1249,LGA,IAD,0,
1,DH,5,1531,LGA,IAD,0,
0,DH,5,1712,LGA,IAD,0,
0,DH,5,645,LGA,IAD,0,
1,DH,5,1236,LGA,IAD,0,
0,DH,5,859,JFK,IAD,0,
0,DH,5,1232,JFK,IAD,0,
0,DH,5,1455,JFK,IAD,0,
0,DH,5,1645,JFK,IAD,0,
0,DH,5,1716,JFK,IAD,0,
1,DH,5,2305,JFK,IAD,0,
0,DH,5,1605,JFK,IAD,0,
0,DH,5,2118,LGA,IAD,0,
0,DL,5,1458,JFK,DCA,0,
0,DL,5,930,LGA,DCA,0,
0,DL,5,1230,LGA,DCA,0,
0,DL,5,1427,LGA,DCA,0,
0,DL,5,1730,LGA,DCA,0,
0,DL,5,2028,LGA,DCA,0,
0,MQ,5,1522,JFK,DCA,0,
0,MQ,5,552,JFK,DCA,0,
0,MQ,5,1847,JFK,DCA,0,
0,MQ,5,852,LGA,DCA,0,
0,MQ,5,1053,LGA,DCA,0,
0,MQ,5,1258,LGA,DCA,0,
0,MQ,5,1402,LGA,DCA,0,
0,MQ,5,1456,LGA,DCA,0,
0,UA,5,850,LGA,IAD,0,
0,US,5,657,LGA,DCA,0,
0,US,5,857,LGA,DCA,0,
0,US,5,1058,LGA,DCA,0,
0,US,5,1258,LGA,DCA,0,
0,US,5,1458,LGA,DCA,0,
0,US,5,1655,LGA,DCA,0,
0,US,5,1855,LGA,DCA,0,
0,US,5,2056,LGA,DCA,0,
0,RU,5,1715,EWR,BWI,0,
0,RU,5,1030,EWR,BWI,0,
0,RU,5,656,EWR,BWI,0,
0,RU,5,1456,EWR,BWI,0,
0,CO,5,1727,EWR,DCA,0,
0,CO,5,1301,EWR,DCA,0,
0,CO,5,754,EWR,DCA,0,
0,DH,5,837,EWR,IAD,0,
1,DH,5,1350,EWR,IAD,0,
1,DH,5,1512,EWR,IAD,0,
0,DH,5,629,EWR,IAD,0,
0,RU,5,1625,EWR,DCA,0,
0,RU,5,655,EWR,IAD,0,
0,RU,5,858,EWR,DCA,0,
0,RU,5,657,EWR,DCA,0,
0,RU,5,1650,EWR,IAD,0,
0,RU,5,1856,EWR,IAD,0,
0,RU,5,1253,EWR,IAD,0,
0,RU,5,854,EWR,IAD,0,
0,RU,5,1858,EWR,DCA,0,
0,RU,5,2050,EWR,DCA,0,
0,RU,5,1358,EWR,DCA,0,
1,RU,5,1510,EWR,IAD,0,
0,RU,5,1519,EWR,DCA,0,
0,DH,6,1243,LGA,IAD,0,
0,DH,6,1738,LGA,IAD,0,
0,DH,6,640,LGA,IAD,0,
0,DH,6,1030,LGA,IAD,0,
0,DH,6,855,JFK,IAD,0,
0,DH,6,1237,JFK,IAD,0,
0,DH,6,1455,JFK,IAD,0,
0,DH,6,1654,JFK,IAD,0,
0,DH,6,1741,JFK,IAD,0,
1,DH,6,2213,JFK,IAD,0,
0,DH,6,1604,JFK,IAD,0,
0,DH,6,2138,LGA,IAD,0,
1,DL,6,1505,JFK,DCA,0,
0,DL,6,828,LGA,DCA,0,
0,DL,6,1030,LGA,DCA,0,
0,DL,6,1230,LGA,DCA,0,
0,DL,6,1428,LGA,DCA,0,
0,DL,6,1629,LGA,DCA,0,
0,DL,6,1829,LGA,DCA,0,
0,DL,6,2024,LGA,DCA,0,
1,MQ,6,1600,JFK,DCA,0,
0,MQ,6,555,JFK,DCA,0,
0,MQ,6,1829,JFK,DCA,0,
0,MQ,6,855,LGA,DCA,0,
0,MQ,6,1254,LGA,DCA,0,
0,UA,6,849,LGA,IAD,0,
0,US,6,655,LGA,DCA,0,
0,US,6,858,LGA,DCA,0,
0,US,6,1059,LGA,DCA,0,
0,US,6,1256,LGA,DCA,0,
0,US,6,1500,LGA,DCA,0,
0,US,6,1658,LGA,DCA,0,
0,US,6,1857,LGA,DCA,0,
0,RU,6,1714,EWR,BWI,0,
0,RU,6,655,EWR,BWI,0,
0,RU,6,1026,EWR,BWI,0,
0,RU,6,1448,EWR,BWI,0,
0,CO,6,1255,EWR,DCA,0,
1,DH,6,857,EWR,IAD,0,
0,DH,6,1705,EWR,IAD,0,
1,DH,6,1329,EWR,IAD,0,
0,DH,6,2126,EWR,IAD,0,
0,DH,6,625,EWR,IAD,0,
0,RU,6,1722,EWR,IAD,0,
0,RU,6,1356,EWR,DCA,0,
0,RU,6,658,EWR,IAD,0,
0,RU,6,941,EWR,DCA,0,
0,RU,6,1738,EWR,DCA,0,
0,RU,6,1556,EWR,DCA,0,
0,RU,6,1511,EWR,IAD,0,
0,RU,6,703,EWR,DCA,0,
1,OH,7,1605,JFK,BWI,0,
0,DH,7,1644,JFK,DCA,0,
0,DH,7,1249,LGA,IAD,0,
1,DH,7,1535,LGA,IAD,0,
1,DH,7,1837,LGA,IAD,0,
0,DH,7,640,LGA,IAD,0,
0,DH,7,1032,LGA,IAD,0,
0,DH,7,900,JFK,IAD,0,
0,DH,7,1243,JFK,IAD,0,
0,DH,7,1504,JFK,IAD,0,
0,DH,7,1642,JFK,IAD,0,
0,DH,7,1709,JFK,IAD,0,
0,DH,7,2120,JFK,IAD,0,
0,DH,7,1607,JFK,IAD,0,
0,DH,7,2116,LGA,IAD,0,
0,DL,7,1500,JFK,DCA,0,
0,DL,7,828,LGA,DCA,0,
0,DL,7,1028,LGA,DCA,0,
0,DL,7,1230,LGA,DCA,0,
0,DL,7,1432,LGA,DCA,0,
0,DL,7,1629,LGA,DCA,0,
0,DL,7,1832,LGA,DCA,0,
0,DL,7,2030,LGA,DCA,0,
1,MQ,7,1534,JFK,DCA,0,
0,MQ,7,554,JFK,DCA,0,
0,MQ,7,745,JFK,DCA,0,
1,MQ,7,1858,JFK,DCA,0,
0,MQ,7,1257,LGA,DCA,0,
1,MQ,7,1458,LGA,DCA,0,
0,MQ,7,1659,LGA,DCA,0,
1,MQ,7,1936,LGA,DCA,0,
0,UA,7,849,LGA,IAD,0,
0,US,7,858,LGA,DCA,0,
0,US,7,954,LGA,DCA,0,
0,US,7,1055,LGA,DCA,0,
0,US,7,1158,LGA,DCA,0,
0,US,7,1257,LGA,DCA,0,
0,US,7,1359,LGA,DCA,0,
0,US,7,1456,LGA,DCA,0,
0,US,7,1559,LGA,DCA,0,
0,US,7,1658,LGA,DCA,0,
0,US,7,1758,LGA,DCA,0,
0,US,7,1857,LGA,DCA,0,
0,US,7,1957,LGA,DCA,0,
0,US,7,2059,LGA,DCA,0,
1,RU,7,1615,EWR,BWI,0,
1,RU,7,1416,EWR,BWI,0,
1,RU,7,2030,EWR,BWI,0,
1,RU,7,1235,EWR,BWI,0,
0,CO,7,1255,EWR,DCA,0,
1,CO,7,1833,EWR,DCA,0,
0,DH,7,857,EWR,IAD,0,
1,DH,7,1917,EWR,IAD,0,
1,DH,7,1310,EWR,IAD,0,
1,DH,7,2221,EWR,IAD,0,
1,DH,7,1600,EWR,IAD,0,
1,RU,7,1952,EWR,DCA,0,
0,RU,7,927,EWR,DCA,0,
0,RU,7,858,EWR,IAD,0,
1,RU,7,2110,EWR,IAD,0,
1,RU,7,1356,EWR,DCA,0,
1,RU,7,2120,EWR,DCA,0,
1,RU,7,1557,EWR,IAD,0,
1,OH,1,1610,JFK,BWI,0,
1,DH,1,1638,JFK,DCA,0,
1,DH,1,1338,LGA,IAD,0,
1,DH,1,1606,LGA,IAD,0,
1,DH,1,1848,LGA,IAD,0,
1,DH,1,633,LGA,IAD,0,
0,DH,1,1054,LGA,IAD,0,
1,DH,1,946,JFK,IAD,0,
1,DH,1,1312,JFK,IAD,0,
0,DH,1,1700,JFK,IAD,0,
0,DH,1,1709,JFK,IAD,0,
1,DH,1,2200,JFK,IAD,0,
1,DH,1,1651,JFK,IAD,0,
0,DH,1,2125,LGA,IAD,0,
0,DL,1,1459,JFK,DCA,0,
0,DL,1,630,LGA,DCA,0,
0,DL,1,734,LGA,DCA,0,
0,DL,1,830,LGA,DCA,0,
0,DL,1,932,LGA,DCA,0,
0,DL,1,1031,LGA,DCA,0,
0,DL,1,1128,LGA,DCA,0,
0,DL,1,1230,LGA,DCA,0,
0,DL,1,1329,LGA,DCA,0,
0,DL,1,1427,LGA,DCA,0,
0,DL,1,1635,LGA,DCA,0,
0,DL,1,1730,LGA,DCA,0,
0,DL,1,1829,LGA,DCA,0,
1,DL,1,1955,LGA,DCA,0,
0,DL,1,2028,LGA,DCA,0,
0,MQ,1,1538,JFK,DCA,0,
0,MQ,1,557,JFK,DCA,0,
0,MQ,1,656,LGA,DCA,0,
0,MQ,1,758,LGA,DCA,0,
0,MQ,1,859,LGA,DCA,0,
0,MQ,1,1103,LGA,DCA,0,
0,MQ,1,1250,LGA,DCA,0,
1,MQ,1,1627,LGA,DCA,0,
0,MQ,1,1702,LGA,DCA,0,
1,MQ,1,1949,LGA,DCA,0,
0,UA,1,848,LGA,IAD,0,
1,US,1,627,LGA,DCA,0,
0,US,1,657,LGA,DCA,0,
0,US,1,757,LGA,DCA,0,
0,US,1,900,LGA,DCA,0,
0,US,1,958,LGA,DCA,0,
0,US,1,1057,LGA,DCA,0,
0,US,1,1155,LGA,DCA,0,
0,US,1,1257,LGA,DCA,0,
0,US,1,1358,LGA,DCA,0,
0,US,1,1500,LGA,DCA,0,
0,US,1,1601,LGA,DCA,0,
0,US,1,1657,LGA,DCA,0,
0,US,1,1757,LGA,DCA,0,
0,US,1,1857,LGA,DCA,0,
0,US,1,1959,LGA,DCA,0,
0,US,1,2100,LGA,DCA,0,
1,RU,1,744,EWR,BWI,0,
1,RU,1,1527,EWR,BWI,0,
1,RU,1,1221,EWR,BWI,0,
1,CO,1,1324,EWR,DCA,0,
0,CO,1,757,EWR,DCA,0,
1,CO,1,1846,EWR,DCA,0,
0,DH,1,844,EWR,IAD,0,
1,DH,1,1920,EWR,IAD,0,
1,DH,1,1357,EWR,IAD,0,
1,DH,1,2312,EWR,IAD,0,
1,DH,1,1536,EWR,IAD,0,
0,DH,1,624,EWR,IAD,0,
0,RU,1,700,EWR,DCA,0,
1,RU,1,1056,EWR,DCA,0,
1,RU,1,1321,EWR,IAD,0,
0,RU,1,2105,EWR,DCA,0,
0,RU,1,655,EWR,IAD,0,
1,RU,1,1454,EWR,DCA,0,
1,RU,1,2104,EWR,DCA,0,
1,RU,1,1602,EWR,IAD,0,
0,RU,1,855,EWR,IAD,0,
1,RU,1,1617,EWR,DCA,0,
0,OH,2,1455,JFK,BWI,0,
0,DH,2,1240,LGA,IAD,0,
0,DH,2,1451,LGA,IAD,0,
0,DH,2,1752,LGA,IAD,0,
0,DH,2,635,LGA,IAD,0,
0,DH,2,1034,LGA,IAD,0,
0,DH,2,855,JFK,IAD,0,
0,DH,2,1237,JFK,IAD,0,
0,DH,2,1453,JFK,IAD,0,
0,DH,2,1641,JFK,IAD,0,
1,DH,2,1756,JFK,IAD,0,
1,DH,2,2153,JFK,IAD,0,
0,DH,2,1607,JFK,IAD,0,
0,DH,2,2118,LGA,IAD,0,
0,DL,2,1457,JFK,DCA,0,
0,DL,2,629,LGA,DCA,0,
0,DL,2,728,LGA,DCA,0,
0,DL,2,829,LGA,DCA,0,
0,DL,2,930,LGA,DCA,0,
0,DL,2,1030,LGA,DCA,0,
0,DL,2,1130,LGA,DCA,0,
0,DL,2,1230,LGA,DCA,0,
0,DL,2,1327,LGA,DCA,0,
0,DL,2,1428,LGA,DCA,0,
0,DL,2,1529,LGA,DCA,0,
0,DL,2,1629,LGA,DCA,0,
0,DL,2,1728,LGA,DCA,0,
0,DL,2,1830,LGA,DCA,0,
0,DL,2,1929,LGA,DCA,0,
0,DL,2,2031,LGA,DCA,0,
0,MQ,2,1548,JFK,DCA,0,
0,MQ,2,558,JFK,DCA,0,
0,MQ,2,1843,JFK,DCA,0,
0,MQ,2,655,LGA,DCA,0,
0,MQ,2,817,LGA,DCA,0,
0,MQ,2,852,LGA,DCA,0,
0,MQ,2,1100,LGA,DCA,0,
0,MQ,2,1313,LGA,DCA,0,
0,MQ,2,1355,LGA,DCA,0,
1,MQ,2,1535,LGA,DCA,0,
0,MQ,2,1555,LGA,DCA,0,
0,MQ,2,1654,LGA,DCA,0,
0,MQ,2,1904,LGA,DCA,0,
0,UA,2,850,LGA,IAD,0,
0,US,2,629,LGA,DCA,0,
0,US,2,657,LGA,DCA,0,
0,US,2,758,LGA,DCA,0,
0,US,2,858,LGA,DCA,0,
0,US,2,1000,LGA,DCA,0,
0,US,2,1056,LGA,DCA,0,
0,US,2,1158,LGA,DCA,0,
0,US,2,1259,LGA,DCA,0,
0,US,2,1357,LGA,DCA,0,
0,US,2,1458,LGA,DCA,0,
0,US,2,1557,LGA,DCA,0,
0,US,2,1657,LGA,DCA,0,
0,US,2,1758,LGA,DCA,0,
0,US,2,1855,LGA,DCA,0,
0,US,2,1958,LGA,DCA,0,
0,US,2,2104,LGA,DCA,0,
0,RU,2,1451,EWR,BWI,0,
1,RU,2,1729,EWR,BWI,0,
0,RU,2,658,EWR,BWI,0,
0,RU,2,1037,EWR,BWI,0,
1,CO,2,1740,EWR,DCA,0,
0,CO,2,1256,EWR,DCA,0,
1,CO,2,1856,EWR,DCA,0,
0,CO,2,727,EWR,DCA,0,
0,DH,2,847,EWR,IAD,0,
0,DH,2,1705,EWR,IAD,0,
0,DH,2,1236,EWR,IAD,0,
0,DH,2,2118,EWR,IAD,0,
0,DH,2,1435,EWR,IAD,0,
0,DH,2,622,EWR,IAD,0,
1,RU,2,2222,EWR,DCA,0,
0,RU,2,859,EWR,DCA,0,
1,RU,2,1901,EWR,IAD,0,
0,RU,2,1457,EWR,IAD,0,
0,RU,2,656,EWR,IAD,0,
1,RU,2,1644,EWR,DCA,0,
0,RU,2,1253,EWR,IAD,0,
0,RU,2,1356,EWR,DCA,0,
0,RU,2,1656,EWR,IAD,0,
0,RU,2,1627,EWR,DCA,0,
0,RU,2,644,EWR,DCA,0,
0,OH,3,1455,JFK,BWI,0,
0,DH,3,1639,JFK,DCA,0,
0,DH,3,1306,LGA,IAD,0,
0,DH,3,1445,LGA,IAD,0,
1,DH,3,1813,LGA,IAD,0,
0,DH,3,640,LGA,IAD,0,
0,DH,3,1038,LGA,IAD,0,
0,DH,3,831,JFK,IAD,0,
0,DH,3,1240,JFK,IAD,0,
0,DH,3,1521,JFK,IAD,0,
0,DH,3,1638,JFK,IAD,0,
1,DH,3,1922,JFK,IAD,0,
0,DH,3,2120,JFK,IAD,0,
0,DH,3,1606,JFK,IAD,0,
0,DL,3,1501,JFK,DCA,0,
0,DL,3,631,LGA,DCA,0,
0,DL,3,831,LGA,DCA,0,
0,DL,3,932,LGA,DCA,0,
0,DL,3,1030,LGA,DCA,0,
0,DL,3,1131,LGA,DCA,0,
0,DL,3,1231,LGA,DCA,0,
0,DL,3,1329,LGA,DCA,0,
0,DL,3,1430,LGA,DCA,0,
0,DL,3,1528,LGA,DCA,0,
0,DL,3,1629,LGA,DCA,0,
0,DL,3,1728,LGA,DCA,0,
0,DL,3,1828,LGA,DCA,0,
0,DL,3,1927,LGA,DCA,0,
0,DL,3,2030,LGA,DCA,0,
0,MQ,3,1530,JFK,DCA,0,
0,MQ,3,555,JFK,DCA,0,
1,MQ,3,1918,JFK,DCA,0,
0,MQ,3,655,LGA,DCA,0,
0,MQ,3,746,LGA,DCA,0,
0,MQ,3,854,LGA,DCA,0,
0,MQ,3,1056,LGA,DCA,0,
0,MQ,3,1256,LGA,DCA,0,
0,MQ,3,1352,LGA,DCA,0,
1,MQ,3,1457,LGA,DCA,0,
1,MQ,3,1624,LGA,DCA,0,
1,MQ,3,2014,LGA,DCA,0,
0,UA,3,849,LGA,IAD,0,
0,US,3,628,LGA,DCA,0,
0,US,3,658,LGA,DCA,0,
0,US,3,757,LGA,DCA,0,
0,US,3,857,LGA,DCA,0,
0,US,3,956,LGA,DCA,0,
0,US,3,1058,LGA,DCA,0,
0,US,3,1157,LGA,DCA,0,
0,US,3,1256,LGA,DCA,0,
0,US,3,1354,LGA,DCA,0,
1,US,3,1457,LGA,DCA,0,
1,US,3,1600,LGA,DCA,0,
0,US,3,1656,LGA,DCA,0,
0,US,3,1758,LGA,DCA,0,
0,US,3,1859,LGA,DCA,0,
1,US,3,1959,LGA,DCA,0,
0,US,3,2054,LGA,DCA,0,
0,RU,3,659,EWR,BWI,0,
0,RU,3,1459,EWR,BWI,0,
1,RU,3,1920,EWR,BWI,0,
1,RU,3,1044,EWR,BWI,0,
0,CO,3,1255,EWR,DCA,0,
1,CO,3,1948,EWR,DCA,0,
1,CO,3,1813,EWR,DCA,0,
0,CO,3,728,EWR,DCA,0,
0,DH,3,840,EWR,IAD,0,
0,DH,3,1725,EWR,IAD,0,
1,DH,3,1320,EWR,IAD,0,
0,DH,3,2117,EWR,IAD,0,
0,DH,3,624,EWR,IAD,0,
0,DH,3,1439,EWR,IAD,0,
0,RU,3,1352,EWR,DCA,0,
1,RU,3,731,EWR,IAD,0,
1,RU,3,1457,EWR,IAD,0,
0,RU,3,856,EWR,DCA,0,
0,RU,3,1254,EWR,IAD,0,
0,RU,3,1654,EWR,IAD,0,
1,RU,3,1955,EWR,IAD,0,
0,RU,3,641,EWR,DCA,0,
0,RU,3,2058,EWR,DCA,0,
0,RU,3,1521,EWR,DCA,0,
0,RU,3,1629,EWR,DCA,0,
0,OH,4,1455,JFK,BWI,0,
1,DH,4,1640,JFK,DCA,0,
0,DH,4,1245,LGA,IAD,0,
1,DH,4,1706,LGA,IAD,0,
1,DH,4,1710,LGA,IAD,0,
1,DH,4,2151,LGA,IAD,0,
0,DH,4,648,LGA,IAD,0,
0,DH,4,1036,LGA,IAD,0,
0,DH,4,852,JFK,IAD,0,
0,DH,4,1237,JFK,IAD,0,
0,DH,4,1449,JFK,IAD,0,
0,DH,4,1639,JFK,IAD,0,
0,DH,4,1714,JFK,IAD,0,
0,DH,4,2135,JFK,IAD,0,
0,DH,4,1609,JFK,IAD,0,
1,DL,4,1601,JFK,DCA,0,
0,DL,4,628,LGA,DCA,0,
0,DL,4,728,LGA,DCA,0,
0,DL,4,828,LGA,DCA,0,
0,DL,4,931,LGA,DCA,0,
0,DL,4,1030,LGA,DCA,0,
0,DL,4,1129,LGA,DCA,0,
0,DL,4,1231,LGA,DCA,0,
0,DL,4,1328,LGA,DCA,0,
0,DL,4,1430,LGA,DCA,0,
0,DL,4,1533,LGA,DCA,0,
0,DL,4,1630,LGA,DCA,0,
0,DL,4,1731,LGA,DCA,0,
0,DL,4,1833,LGA,DCA,0,
0,DL,4,1928,LGA,DCA,0,
0,DL,4,2027,LGA,DCA,0,
0,MQ,4,1524,JFK,DCA,0,
0,MQ,4,552,JFK,DCA,0,
0,MQ,4,1844,JFK,DCA,0,
0,MQ,4,722,LGA,DCA,0,
0,MQ,4,759,LGA,DCA,0,
0,MQ,4,856,LGA,DCA,0,
0,MQ,4,1050,LGA,DCA,0,
0,MQ,4,1256,LGA,DCA,0,
0,MQ,4,1353,LGA,DCA,0,
0,MQ,4,1457,LGA,DCA,0,
0,MQ,4,1557,LGA,DCA,0,
0,MQ,4,1852,LGA,DCA,0,
0,UA,4,848,LGA,IAD,0,
0,US,4,627,LGA,DCA,0,
0,US,4,658,LGA,DCA,0,
0,US,4,756,LGA,DCA,0,
0,US,4,856,LGA,DCA,0,
0,US,4,958,LGA,DCA,0,
0,US,4,1057,LGA,DCA,0,
0,US,4,1157,LGA,DCA,0,
0,US,4,1259,LGA,DCA,0,
0,US,4,1408,LGA,DCA,0,
0,US,4,1457,LGA,DCA,0,
0,US,4,1557,LGA,DCA,0,
1,US,4,1733,LGA,DCA,0,
0,US,4,1758,LGA,DCA,0,
1,US,4,1916,LGA,DCA,0,
1,US,4,2031,LGA,DCA,0,
0,US,4,2059,LGA,DCA,0,
0,RU,4,1739,EWR,BWI,0,
0,RU,4,1456,EWR,BWI,0,
0,RU,4,1026,EWR,BWI,0,
0,RU,4,655,EWR,BWI,0,
0,CO,4,1728,EWR,DCA,0,
0,CO,4,734,EWR,DCA,0,
0,CO,4,1255,EWR,DCA,0,
0,CO,4,1854,EWR,DCA,0,
0,DH,4,838,EWR,IAD,0,
0,DH,4,1706,EWR,IAD,0,
0,DH,4,1241,EWR,IAD,0,
0,DH,4,2120,EWR,IAD,0,
0,DH,4,622,EWR,IAD,0,
0,DH,4,1421,EWR,IAD,0,
0,RU,4,1452,EWR,IAD,0,
0,RU,4,1857,EWR,IAD,0,
0,RU,4,1255,EWR,IAD,0,
0,RU,4,1625,EWR,DCA,0,
1,RU,4,654,EWR,DCA,0,
0,RU,4,1354,EWR,DCA,0,
0,RU,4,707,EWR,IAD,0,
0,RU,4,1700,EWR,IAD,0,
0,RU,4,857,EWR,DCA,0,
0,RU,4,2051,EWR,DCA,0,
0,RU,4,1527,EWR,DCA,0,
0,OH,5,1455,JFK,BWI,0,
0,DH,5,1634,JFK,DCA,0,
0,DH,5,1257,LGA,IAD,0,
1,DH,5,1608,LGA,IAD,0,
1,DH,5,2106,LGA,IAD,0,
0,DH,5,2134,LGA,IAD,0,
1,DH,5,714,LGA,IAD,0,
0,DH,5,1106,LGA,IAD,0,
1,DH,5,836,JFK,IAD,0,
0,DH,5,1235,JFK,IAD,0,
0,DH,5,1454,JFK,IAD,0,
0,DH,5,1643,JFK,IAD,0,
0,DH,5,1710,JFK,IAD,0,
0,DH,5,2115,JFK,IAD,0,
0,DH,5,1617,JFK,IAD,0,
0,DL,5,1506,JFK,DCA,0,
0,DL,5,629,LGA,DCA,0,
1,DL,5,730,LGA,DCA,0,
0,DL,5,832,LGA,DCA,0,
0,DL,5,930,LGA,DCA,0,
0,DL,5,1032,LGA,DCA,0,
0,DL,5,1131,LGA,DCA,0,
0,DL,5,1228,LGA,DCA,0,
0,DL,5,1329,LGA,DCA,0,
0,DL,5,1432,LGA,DCA,0,
0,DL,5,1530,LGA,DCA,0,
0,DL,5,1633,LGA,DCA,0,
0,DL,5,1735,LGA,DCA,0,
0,DL,5,1829,LGA,DCA,0,
0,DL,5,1931,LGA,DCA,0,
0,DL,5,2030,LGA,DCA,0,
0,MQ,5,1535,JFK,DCA,0,
0,MQ,5,558,JFK,DCA,0,
1,MQ,5,1851,JFK,DCA,0,
1,MQ,5,843,LGA,DCA,0,
0,MQ,5,851,LGA,DCA,0,
1,MQ,5,1141,LGA,DCA,0,
0,MQ,5,1252,LGA,DCA,0,
0,MQ,5,1359,LGA,DCA,0,
0,MQ,5,1503,LGA,DCA,0,
1,MQ,5,1618,LGA,DCA,0,
0,MQ,5,1658,LGA,DCA,0,
1,MQ,5,1916,LGA,DCA,0,
1,UA,5,904,LGA,IAD,0,
0,US,5,629,LGA,DCA,0,
0,US,5,657,LGA,DCA,0,
0,US,5,756,LGA,DCA,0,
0,US,5,958,LGA,DCA,0,
0,US,5,1057,LGA,DCA,0,
0,US,5,1155,LGA,DCA,0,
0,US,5,1259,LGA,DCA,0,
0,US,5,1357,LGA,DCA,0,
0,US,5,1458,LGA,DCA,0,
0,US,5,1555,LGA,DCA,0,
0,US,5,1657,LGA,DCA,0,
0,US,5,1757,LGA,DCA,0,
0,US,5,1902,LGA,DCA,0,
0,US,5,1956,LGA,DCA,0,
0,US,5,2052,LGA,DCA,0,
0,RU,5,1720,EWR,BWI,0,
0,RU,5,1450,EWR,BWI,0,
1,RU,5,1108,EWR,BWI,0,
0,RU,5,700,EWR,BWI,0,
0,CO,5,1727,EWR,DCA,0,
0,CO,5,1858,EWR,DCA,0,
0,CO,5,1258,EWR,DCA,0,
0,CO,5,732,EWR,DCA,0,
0,DH,5,840,EWR,IAD,0,
0,DH,5,1707,EWR,IAD,0,
0,DH,5,1242,EWR,IAD,0,
0,DH,5,2121,EWR,IAD,0,
0,DH,5,629,EWR,IAD,0,
0,DH,5,1423,EWR,IAD,0,
0,RU,5,1627,EWR,DCA,0,
0,RU,5,1526,EWR,DCA,0,
0,RU,5,1357,EWR,DCA,0,
1,RU,5,700,EWR,IAD,0,
0,RU,5,1256,EWR,IAD,0,
0,RU,5,1855,EWR,IAD,0,
0,RU,5,1457,EWR,IAD,0,
0,RU,5,850,EWR,DCA,0,
0,RU,5,2058,EWR,DCA,0,
0,RU,5,1655,EWR,IAD,0,
0,RU,5,645,EWR,DCA,0,
0,OH,6,1455,JFK,BWI,0,
1,DH,6,1638,JFK,DCA,0,
0,DH,6,1243,LGA,IAD,0,
0,DH,6,1710,LGA,IAD,0,
0,DH,6,2130,LGA,IAD,0,
1,DH,6,918,JFK,IAD,0,
1,DH,6,1303,JFK,IAD,0,
0,DH,6,1642,JFK,IAD,0,
0,DH,6,1708,JFK,IAD,0,
0,DH,6,2126,JFK,IAD,0,
0,DH,6,1800,JFK,IAD,0,
1,DL,6,1505,JFK,DCA,0,
0,DL,6,729,LGA,DCA,0,
0,DL,6,832,LGA,DCA,0,
0,DL,6,1028,LGA,DCA,0,
0,DL,6,1230,LGA,DCA,0,
0,DL,6,1429,LGA,DCA,0,
0,DL,6,1624,LGA,DCA,0,
0,DL,6,1828,LGA,DCA,0,
0,DL,6,2031,LGA,DCA,0,
0,MQ,6,1529,JFK,DCA,0,
1,MQ,6,557,JFK,DCA,0,
0,MQ,6,1826,JFK,DCA,0,
0,MQ,6,855,LGA,DCA,0,
0,MQ,6,1309,LGA,DCA,0,
0,UA,6,850,LGA,IAD,0,
0,US,6,655,LGA,DCA,0,
0,US,6,857,LGA,DCA,0,
0,US,6,1056,LGA,DCA,0,
0,US,6,1256,LGA,DCA,0,
0,US,6,1458,LGA,DCA,0,
0,US,6,1656,LGA,DCA,0,
0,US,6,1854,LGA,DCA,0,
0,RU,6,1723,EWR,BWI,0,
0,RU,6,1450,EWR,BWI,0,
0,RU,6,657,EWR,BWI,0,
0,RU,6,1030,EWR,BWI,0,
0,CO,6,1254,EWR,DCA,0,
0,DH,6,906,EWR,IAD,0,
0,DH,6,1703,EWR,IAD,0,
0,DH,6,1255,EWR,IAD,0,
0,DH,6,2114,EWR,IAD,0,
0,RU,6,1655,EWR,IAD,0,
0,RU,6,658,EWR,IAD,0,
0,RU,6,1555,EWR,DCA,0,
0,RU,6,1456,EWR,IAD,0,
0,RU,6,645,EWR,DCA,0,
0,RU,6,1719,EWR,DCA,0,
0,RU,6,1355,EWR,DCA,0,
0,RU,6,925,EWR,DCA,0,
0,OH,7,1455,JFK,BWI,0,
0,DH,7,1634,JFK,DCA,0,
0,DH,7,1304,LGA,IAD,0,
0,DH,7,1500,LGA,IAD,0,
0,DH,7,1712,LGA,IAD,0,
0,DH,7,2115,LGA,IAD,0,
0,DH,7,840,JFK,IAD,0,
0,DH,7,1238,JFK,IAD,0,
1,DH,7,1533,JFK,IAD,0,
0,DH,7,1637,JFK,IAD,0,
0,DH,7,1714,JFK,IAD,0,
1,DH,7,2155,JFK,IAD,0,
0,DH,7,1627,JFK,IAD,0,
1,DL,7,1456,JFK,DCA,0,
0,DL,7,829,LGA,DCA,0,
0,DL,7,1028,LGA,DCA,0,
0,DL,7,1130,LGA,DCA,0,
0,DL,7,1231,LGA,DCA,0,
0,DL,7,1327,LGA,DCA,0,
0,DL,7,1430,LGA,DCA,0,
0,DL,7,1529,LGA,DCA,0,
0,DL,7,1628,LGA,DCA,0,
0,DL,7,1732,LGA,DCA,0,
0,DL,7,1842,LGA,DCA,0,
0,DL,7,1928,LGA,DCA,0,
0,DL,7,2032,LGA,DCA,0,
0,MQ,7,1525,JFK,DCA,0,
0,MQ,7,552,JFK,DCA,0,
0,MQ,7,915,JFK,DCA,0,
1,MQ,7,2015,JFK,DCA,0,
1,MQ,7,1255,LGA,DCA,0,
0,MQ,7,1456,LGA,DCA,0,
0,MQ,7,1652,LGA,DCA,0,
0,MQ,7,1900,LGA,DCA,0,
0,UA,7,848,LGA,IAD,0,
0,US,7,858,LGA,DCA,0,
0,US,7,957,LGA,DCA,0,
0,US,7,1057,LGA,DCA,0,
0,US,7,1202,LGA,DCA,0,
0,US,7,1258,LGA,DCA,0,
0,US,7,1350,LGA,DCA,0,
0,US,7,1452,LGA,DCA,0,
0,US,7,1556,LGA,DCA,0,
0,US,7,1657,LGA,DCA,0,
0,US,7,1753,LGA,DCA,0,
0,US,7,1856,LGA,DCA,0,
0,US,7,2002,LGA,DCA,0,
0,US,7,2054,LGA,DCA,0,
0,RU,7,1736,EWR,BWI,0,
0,RU,7,1029,EWR,BWI,0,
0,RU,7,1310,EWR,BWI,0,
0,RU,7,1450,EWR,BWI,0,
0,CO,7,1851,EWR,DCA,0,
0,CO,7,1255,EWR,DCA,0,
0,CO,7,1623,EWR,DCA,0,
0,DH,7,835,EWR,IAD,0,
0,DH,7,1700,EWR,IAD,0,
0,DH,7,1241,EWR,IAD,0,
0,DH,7,2113,EWR,IAD,0,
1,DH,7,1531,EWR,IAD,0,
0,RU,7,2130,EWR,DCA,0,
0,RU,7,844,EWR,IAD,0,
0,RU,7,1656,EWR,IAD,0,
0,RU,7,1723,EWR,DCA,0,
0,RU,7,1356,EWR,DCA,0,
0,RU,7,926,EWR,DCA,0,
0,RU,7,1501,EWR,IAD,0,
0,RU,7,1856,EWR,IAD,0,
0,OH,1,1450,JFK,BWI,0,
0,DH,1,1640,JFK,DCA,0,
0,DH,1,1244,LGA,IAD,0,
0,DH,1,1442,LGA,IAD,0,
0,DH,1,1709,LGA,IAD,0,
0,DH,1,2112,LGA,IAD,0,
1,DH,1,641,LGA,IAD,0,
0,DH,1,1037,LGA,IAD,0,
0,DH,1,833,JFK,IAD,0,
0,DH,1,1240,JFK,IAD,0,
1,DH,1,1535,JFK,IAD,0,
0,DH,1,1638,JFK,IAD,0,
0,DH,1,1710,JFK,IAD,0,
0,DH,1,2112,JFK,IAD,0,
0,DL,1,1451,JFK,DCA,0,
0,DL,1,630,LGA,DCA,0,
0,DL,1,733,LGA,DCA,0,
0,DL,1,830,LGA,DCA,0,
1,DL,1,1004,LGA,DCA,0,
0,DL,1,1028,LGA,DCA,0,
0,DL,1,1131,LGA,DCA,0,
0,DL,1,1230,LGA,DCA,0,
0,DL,1,1328,LGA,DCA,0,
0,DL,1,1432,LGA,DCA,0,
0,DL,1,1529,LGA,DCA,0,
0,DL,1,1630,LGA,DCA,0,
0,DL,1,1728,LGA,DCA,0,
0,DL,1,1830,LGA,DCA,0,
0,DL,1,1929,LGA,DCA,0,
0,DL,1,2029,LGA,DCA,0,
0,MQ,1,1527,JFK,DCA,0,
0,MQ,1,553,JFK,DCA,0,
0,MQ,1,1820,JFK,DCA,0,
1,MQ,1,654,LGA,DCA,0,
0,MQ,1,756,LGA,DCA,0,
0,MQ,1,855,LGA,DCA,0,
0,MQ,1,1053,LGA,DCA,0,
0,MQ,1,1258,LGA,DCA,0,
0,MQ,1,1450,LGA,DCA,0,
0,MQ,1,1552,LGA,DCA,0,
0,MQ,1,1647,LGA,DCA,0,
0,MQ,1,1903,LGA,DCA,0,
0,UA,1,848,LGA,IAD,0,
0,US,1,628,LGA,DCA,0,
1,US,1,657,LGA,DCA,0,
0,US,1,758,LGA,DCA,0,
0,US,1,857,LGA,DCA,0,
0,US,1,955,LGA,DCA,0,
1,US,1,1058,LGA,DCA,0,
0,US,1,1156,LGA,DCA,0,
0,US,1,1256,LGA,DCA,0,
0,US,1,1358,LGA,DCA,0,
0,US,1,1458,LGA,DCA,0,
0,US,1,1559,LGA,DCA,0,
1,US,1,1656,LGA,DCA,0,
0,US,1,1756,LGA,DCA,0,
0,US,1,1858,LGA,DCA,0,
0,US,1,1958,LGA,DCA,0,
0,US,1,2056,LGA,DCA,0,
0,RU,1,656,EWR,BWI,0,
1,RU,1,1509,EWR,BWI,0,
0,RU,1,1720,EWR,BWI,0,
0,RU,1,1040,EWR,BWI,0,
0,CO,1,729,EWR,DCA,0,
0,CO,1,1257,EWR,DCA,0,
1,CO,1,1732,EWR,DCA,0,
0,CO,1,1852,EWR,DCA,0,
0,DH,1,831,EWR,IAD,0,
0,DH,1,1710,EWR,IAD,0,
1,DH,1,1359,EWR,IAD,0,
0,DH,1,2112,EWR,IAD,0,
0,DH,1,622,EWR,IAD,0,
0,DH,1,1421,EWR,IAD,0,
0,RU,1,1348,EWR,DCA,0,
0,RU,1,858,EWR,DCA,0,
0,RU,1,1519,EWR,DCA,0,
0,RU,1,1649,EWR,IAD,0,
0,RU,1,1857,EWR,IAD,0,
0,RU,1,2056,EWR,DCA,0,
0,RU,1,1253,EWR,IAD,0,
0,RU,1,651,EWR,DCA,0,
0,RU,1,1622,EWR,DCA,0,
0,RU,1,657,EWR,IAD,0,
0,RU,1,1456,EWR,IAD,0,
0,OH,2,1453,JFK,BWI,0,
0,DH,2,1639,JFK,DCA,0,
0,DH,2,1238,LGA,IAD,0,
1,DH,2,1922,LGA,IAD,0,
0,DH,2,2124,LGA,IAD,0,
1,DH,2,655,LGA,IAD,0,
0,DH,2,1038,LGA,IAD,0,
0,DH,2,833,JFK,IAD,0,
0,DH,2,1236,JFK,IAD,0,
0,DH,2,1450,JFK,IAD,0,
0,DH,2,1640,JFK,IAD,0,
0,DH,2,1713,JFK,IAD,0,
0,DH,2,2125,JFK,IAD,0,
1,DH,2,1642,JFK,IAD,0,
0,DL,2,1453,JFK,DCA,0,
0,DL,2,629,LGA,DCA,0,
0,DL,2,729,LGA,DCA,0,
0,DL,2,831,LGA,DCA,0,
0,DL,2,929,LGA,DCA,0,
0,DL,2,1029,LGA,DCA,0,
0,DL,2,1128,LGA,DCA,0,
0,DL,2,1228,LGA,DCA,0,
0,DL,2,1329,LGA,DCA,0,
0,DL,2,1429,LGA,DCA,0,
0,DL,2,1529,LGA,DCA,0,
1,DL,2,1634,LGA,DCA,0,
0,DL,2,1733,LGA,DCA,0,
0,DL,2,1830,LGA,DCA,0,
0,DL,2,1930,LGA,DCA,0,
1,DL,2,2028,LGA,DCA,0,
0,MQ,2,1516,JFK,DCA,0,
0,MQ,2,553,JFK,DCA,0,
1,MQ,2,1851,JFK,DCA,0,
0,MQ,2,650,LGA,DCA,0,
0,MQ,2,755,LGA,DCA,0,
0,MQ,2,851,LGA,DCA,0,
0,MQ,2,1050,LGA,DCA,0,
0,MQ,2,1248,LGA,DCA,0,
0,MQ,2,1401,LGA,DCA,0,
0,MQ,2,1453,LGA,DCA,0,
1,MQ,2,1700,LGA,DCA,0,
1,MQ,2,1811,LGA,DCA,0,
1,MQ,2,2007,LGA,DCA,0,
0,UA,2,845,LGA,IAD,0,
0,US,2,629,LGA,DCA,0,
0,US,2,658,LGA,DCA,0,
0,US,2,756,LGA,DCA,0,
0,US,2,857,LGA,DCA,0,
0,US,2,958,LGA,DCA,0,
0,US,2,1057,LGA,DCA,0,
0,US,2,1156,LGA,DCA,0,
0,US,2,1255,LGA,DCA,0,
0,US,2,1359,LGA,DCA,0,
0,US,2,1459,LGA,DCA,0,
1,US,2,1558,LGA,DCA,0,
0,US,2,1706,LGA,DCA,0,
0,US,2,1759,LGA,DCA,0,
0,US,2,1857,LGA,DCA,0,
0,US,2,1956,LGA,DCA,0,
0,US,2,2056,LGA,DCA,0,
0,RU,2,1025,EWR,BWI,0,
1,RU,2,1831,EWR,BWI,0,
0,RU,2,653,EWR,BWI,0,
1,RU,2,1537,EWR,BWI,0,
0,CO,2,729,EWR,DCA,0,
1,CO,2,1816,EWR,DCA,0,
1,CO,2,1924,EWR,DCA,0,
0,CO,2,1258,EWR,DCA,0,
0,DH,2,836,EWR,IAD,0,
0,DH,2,1708,EWR,IAD,0,
0,DH,2,1237,EWR,IAD,0,
0,DH,2,2115,EWR,IAD,0,
0,DH,2,626,EWR,IAD,0,
1,DH,2,1740,EWR,IAD,0,
0,RU,2,1255,EWR,IAD,0,
0,RU,2,655,EWR,IAD,0,
0,RU,2,1456,EWR,IAD,0,
0,RU,2,1655,EWR,IAD,0,
0,RU,2,1355,EWR,DCA,0,
1,RU,2,1927,EWR,IAD,0,
0,RU,2,1519,EWR,DCA,0,
0,RU,2,641,EWR,DCA,0,
0,RU,2,1625,EWR,DCA,0,
0,RU,2,855,EWR,DCA,0,
0,RU,2,2055,EWR,DCA,0,
0,OH,3,1500,JFK,BWI,0,
0,DH,3,1630,JFK,DCA,0,
0,DH,3,1243,LGA,IAD,0,
0,DH,3,1722,LGA,IAD,0,
0,DH,3,2118,LGA,IAD,0,
0,DH,3,640,LGA,IAD,0,
0,DH,3,1034,LGA,IAD,0,
0,DH,3,844,JFK,IAD,0,
0,DH,3,1243,JFK,IAD,0,
0,DH,3,1450,JFK,IAD,0,
0,DH,3,1640,JFK,IAD,0,
0,DH,3,1714,JFK,IAD,0,
0,DH,3,2119,JFK,IAD,0,
0,DH,3,1631,JFK,IAD,0,
0,DL,3,1454,JFK,DCA,0,
0,DL,3,631,LGA,DCA,0,
0,DL,3,730,LGA,DCA,0,
0,DL,3,829,LGA,DCA,0,
0,DL,3,929,LGA,DCA,0,
0,DL,3,1029,LGA,DCA,0,
1,DL,3,1132,LGA,DCA,0,
0,DL,3,1230,LGA,DCA,0,
0,DL,3,1329,LGA,DCA,0,
0,DL,3,1431,LGA,DCA,0,
1,DL,3,1530,LGA,DCA,0,
0,DL,3,1631,LGA,DCA,0,
0,DL,3,1728,LGA,DCA,0,
0,DL,3,1829,LGA,DCA,0,
1,DL,3,1928,LGA,DCA,0,
1,DL,3,2030,LGA,DCA,0,
0,MQ,3,1526,JFK,DCA,0,
0,MQ,3,553,JFK,DCA,0,
0,MQ,3,1825,JFK,DCA,0,
1,MQ,3,657,LGA,DCA,0,
0,MQ,3,757,LGA,DCA,0,
0,MQ,3,853,LGA,DCA,0,
1,MQ,3,1111,LGA,DCA,0,
0,MQ,3,1255,LGA,DCA,0,
0,MQ,3,1454,LGA,DCA,0,
0,MQ,3,1612,LGA,DCA,0,
0,MQ,3,1658,LGA,DCA,0,
0,MQ,3,1917,LGA,DCA,0,
0,UA,3,847,LGA,IAD,0,
0,US,3,627,LGA,DCA,0,
0,US,3,657,LGA,DCA,0,
0,US,3,757,LGA,DCA,0,
0,US,3,856,LGA,DCA,0,
0,US,3,1001,LGA,DCA,0,
0,US,3,1057,LGA,DCA,0,
0,US,3,1157,LGA,DCA,0,
0,US,3,1257,LGA,DCA,0,
0,US,3,1356,LGA,DCA,0,
0,US,3,1500,LGA,DCA,0,
0,US,3,1559,LGA,DCA,0,
0,US,3,1653,LGA,DCA,0,
0,US,3,1757,LGA,DCA,0,
0,US,3,1858,LGA,DCA,0,
1,US,3,1959,LGA,DCA,0,
0,US,3,2059,LGA,DCA,0,
0,RU,3,655,EWR,BWI,0,
0,RU,3,1449,EWR,BWI,0,
0,RU,3,1722,EWR,BWI,0,
0,RU,3,1035,EWR,BWI,0,
0,CO,3,1257,EWR,DCA,0,
0,CO,3,1915,EWR,DCA,0,
0,CO,3,731,EWR,DCA,0,
1,CO,3,1745,EWR,DCA,0,
0,DH,3,848,EWR,IAD,0,
0,DH,3,1703,EWR,IAD,0,
0,DH,3,1245,EWR,IAD,0,
1,DH,3,2330,EWR,IAD,0,
0,DH,3,629,EWR,IAD,0,
1,DH,3,1502,EWR,IAD,0,
0,RU,3,656,EWR,IAD,0,
0,RU,3,1703,EWR,IAD,0,
0,RU,3,856,EWR,DCA,0,
0,RU,3,1355,EWR,DCA,0,
0,RU,3,643,EWR,DCA,0,
0,RU,3,1456,EWR,IAD,0,
0,RU,3,1625,EWR,DCA,0,
0,RU,3,1858,EWR,IAD,0,
0,RU,3,1255,EWR,IAD,0,
0,RU,3,1524,EWR,DCA,0,
0,RU,3,2100,EWR,DCA,0,
0,OH,4,1455,JFK,BWI,0,
0,DH,4,1637,JFK,DCA,0,
0,DH,4,1310,LGA,IAD,0,
1,DH,4,1545,LGA,IAD,0,
1,DH,4,2133,LGA,IAD,0,
0,DH,4,858,JFK,IAD,0,
0,DH,4,1236,JFK,IAD,0,
0,DH,4,1502,JFK,IAD,0,
0,DH,4,1644,JFK,IAD,0,
0,DH,4,1714,JFK,IAD,0,
0,DH,4,2138,JFK,IAD,0,
0,DH,4,1605,JFK,IAD,0,
0,DL,4,1501,JFK,DCA,0,
0,DL,4,630,LGA,DCA,0,
1,DL,4,729,LGA,DCA,0,
0,DL,4,943,LGA,DCA,0,
0,DL,4,1130,LGA,DCA,0,
0,DL,4,1330,LGA,DCA,0,
0,DL,4,1428,LGA,DCA,0,
0,DL,4,1530,LGA,DCA,0,
0,DL,4,1630,LGA,DCA,0,
0,DL,4,1736,LGA,DCA,0,
0,DL,4,1831,LGA,DCA,0,
1,DL,4,1928,LGA,DCA,0,
1,DL,4,2029,LGA,DCA,0,
0,MQ,4,1523,JFK,DCA,0,
0,MQ,4,553,JFK,DCA,0,
0,MQ,4,1834,JFK,DCA,0,
1,MQ,4,800,LGA,DCA,0,
0,MQ,4,1050,LGA,DCA,0,
1,MQ,4,1341,LGA,DCA,0,
0,MQ,4,1400,LGA,DCA,0,
0,MQ,4,1519,LGA,DCA,0,
1,MQ,4,1643,LGA,DCA,0,
1,MQ,4,1758,LGA,DCA,0,
1,MQ,4,2012,LGA,DCA,0,
1,UA,4,955,LGA,IAD,0,
1,US,4,627,LGA,DCA,0,
0,US,4,815,LGA,DCA,0,
1,US,4,1019,LGA,DCA,0,
0,US,4,1058,LGA,DCA,0,
0,US,4,1158,LGA,DCA,0,
0,US,4,1358,LGA,DCA,0,
0,US,4,1458,LGA,DCA,0,
0,US,4,1559,LGA,DCA,0,
0,US,4,1701,LGA,DCA,0,
0,US,4,1759,LGA,DCA,0,
1,US,4,1858,LGA,DCA,0,
1,US,4,2056,LGA,DCA,0,
0,RU,4,1450,EWR,BWI,0,
1,RU,4,1027,EWR,BWI,0,
1,RU,4,1811,EWR,BWI,0,
1,CO,4,815,EWR,DCA,0,
1,CO,4,1951,EWR,DCA,0,
0,CO,4,1256,EWR,DCA,0,
0,DH,4,835,EWR,IAD,0,
0,DH,4,1237,EWR,IAD,0,
0,DH,4,2116,EWR,IAD,0,
0,DH,4,623,EWR,IAD,0,
0,RU,4,643,EWR,DCA,0,
1,RU,4,1952,EWR,IAD,0,
1,RU,4,654,EWR,IAD,0,
1,RU,4,1345,EWR,IAD,0,
0,RU,4,1646,EWR,DCA,0,
0,RU,4,1525,EWR,DCA,0,
0,RU,4,1504,EWR,IAD,0,
1,RU,4,2140,EWR,DCA,0,
1,RU,4,956,EWR,DCA,0,
0,RU,4,1359,EWR,DCA,0,
0,OH,5,1455,JFK,BWI,0,
0,DH,5,1648,JFK,DCA,0,
1,DH,5,1545,LGA,IAD,0,
1,DH,5,1952,LGA,IAD,0,
0,DH,5,2117,LGA,IAD,0,
0,DH,5,640,LGA,IAD,0,
0,DH,5,840,JFK,IAD,0,
0,DH,5,1246,JFK,IAD,0,
0,DH,5,1454,JFK,IAD,0,
0,DH,5,1653,JFK,IAD,0,
0,DH,5,1709,JFK,IAD,0,
0,DH,5,2127,JFK,IAD,0,
0,DH,5,1607,JFK,IAD,0,
1,DL,5,1500,JFK,DCA,0,
0,DL,5,630,LGA,DCA,0,
0,DL,5,739,LGA,DCA,0,
1,DL,5,829,LGA,DCA,0,
0,DL,5,929,LGA,DCA,0,
1,DL,5,1040,LGA,DCA,0,
0,DL,5,1129,LGA,DCA,0,
0,DL,5,1228,LGA,DCA,0,
0,DL,5,1331,LGA,DCA,0,
0,DL,5,1429,LGA,DCA,0,
0,DL,5,1532,LGA,DCA,0,
0,DL,5,1630,LGA,DCA,0,
0,DL,5,1728,LGA,DCA,0,
0,DL,5,1830,LGA,DCA,0,
0,DL,5,1931,LGA,DCA,0,
0,DL,5,2028,LGA,DCA,0,
0,MQ,5,1522,JFK,DCA,0,
0,MQ,5,553,JFK,DCA,0,
1,MQ,5,2019,JFK,DCA,0,
1,MQ,5,747,LGA,DCA,0,
1,MQ,5,856,LGA,DCA,0,
1,MQ,5,1217,LGA,DCA,0,
1,MQ,5,1315,LGA,DCA,0,
1,MQ,5,1429,LGA,DCA,0,
1,MQ,5,1705,LGA,DCA,0,
1,MQ,5,1729,LGA,DCA,0,
1,MQ,5,2006,LGA,DCA,0,
1,UA,5,955,LGA,IAD,0,
0,US,5,628,LGA,DCA,0,
0,US,5,657,LGA,DCA,0,
0,US,5,756,LGA,DCA,0,
1,US,5,859,LGA,DCA,0,
0,US,5,958,LGA,DCA,0,
0,US,5,1059,LGA,DCA,0,
0,US,5,1151,LGA,DCA,0,
0,US,5,1258,LGA,DCA,0,
0,US,5,1356,LGA,DCA,0,
0,US,5,1457,LGA,DCA,0,
0,US,5,1558,LGA,DCA,0,
0,US,5,1658,LGA,DCA,0,
0,US,5,1758,LGA,DCA,0,
1,US,5,1900,LGA,DCA,0,
0,US,5,2000,LGA,DCA,0,
0,US,5,2057,LGA,DCA,0,
1,RU,5,1849,EWR,BWI,0,
1,RU,5,1053,EWR,BWI,0,
1,RU,5,1600,EWR,BWI,0,
0,RU,5,654,EWR,BWI,0,
1,CO,5,1423,EWR,DCA,0,
1,CO,5,1912,EWR,DCA,0,
0,CO,5,729,EWR,DCA,0,
0,DH,5,834,EWR,IAD,0,
0,DH,5,1711,EWR,IAD,0,
0,DH,5,1249,EWR,IAD,0,
0,DH,5,2120,EWR,IAD,0,
1,DH,5,700,EWR,IAD,0,
1,RU,5,1602,EWR,IAD,0,
0,RU,5,643,EWR,DCA,0,
1,RU,5,1622,EWR,DCA,0,
1,RU,5,1549,EWR,DCA,0,
1,RU,5,1753,EWR,DCA,0,
1,RU,5,1421,EWR,IAD,0,
0,RU,5,859,EWR,DCA,0,
1,RU,5,2045,EWR,IAD,0,
0,RU,5,657,EWR,IAD,0,
0,RU,5,2050,EWR,DCA,0,
1,RU,5,1827,EWR,IAD,0,
0,OH,6,1455,JFK,BWI,0,
0,DH,6,1637,JFK,DCA,0,
0,DH,6,1244,LGA,IAD,0,
0,DH,6,1714,LGA,IAD,0,
1,DH,6,2230,LGA,IAD,0,
0,DH,6,853,JFK,IAD,0,
0,DH,6,1236,JFK,IAD,0,
0,DH,6,1641,JFK,IAD,0,
1,DH,6,1720,JFK,IAD,0,
1,DH,6,2136,JFK,IAD,0,
1,DH,6,1808,JFK,IAD,0,
1,DL,6,1509,JFK,DCA,0,
0,DL,6,727,LGA,DCA,0,
0,DL,6,828,LGA,DCA,0,
0,DL,6,1028,LGA,DCA,0,
0,DL,6,1430,LGA,DCA,0,
1,DL,6,1708,LGA,DCA,0,
0,DL,6,1829,LGA,DCA,0,
0,DL,6,2026,LGA,DCA,0,
0,MQ,6,1529,JFK,DCA,0,
0,MQ,6,554,JFK,DCA,0,
0,MQ,6,1827,JFK,DCA,0,
0,MQ,6,855,LGA,DCA,0,
0,MQ,6,1247,LGA,DCA,0,
0,UA,6,849,LGA,IAD,0,
0,US,6,654,LGA,DCA,0,
0,US,6,859,LGA,DCA,0,
0,US,6,1100,LGA,DCA,0,
0,US,6,1259,LGA,DCA,0,
0,US,6,1456,LGA,DCA,0,
0,US,6,1658,LGA,DCA,0,
0,US,6,1854,LGA,DCA,0,
0,RU,6,1717,EWR,BWI,0,
0,RU,6,1445,EWR,BWI,0,
0,RU,6,1028,EWR,BWI,0,
0,RU,6,658,EWR,BWI,0,
0,CO,6,1258,EWR,DCA,0,
0,DH,6,835,EWR,IAD,0,
0,DH,6,1700,EWR,IAD,0,
0,DH,6,1240,EWR,IAD,0,
1,DH,6,2119,EWR,IAD,0,
0,RU,6,658,EWR,IAD,0,
0,RU,6,1601,EWR,DCA,0,
0,RU,6,1727,EWR,DCA,0,
0,RU,6,1351,EWR,DCA,0,
0,RU,6,1457,EWR,IAD,0,
0,RU,6,924,EWR,DCA,0,
0,RU,6,1655,EWR,IAD,0,
0,RU,6,641,EWR,DCA,0,
0,OH,7,1455,JFK,BWI,0,
1,DH,7,1659,JFK,DCA,0,
0,DH,7,1302,LGA,IAD,0,
1,DH,7,1526,LGA,IAD,0,
1,DH,7,1802,LGA,IAD,0,
0,DH,7,2110,LGA,IAD,0,
0,DH,7,833,JFK,IAD,0,
0,DH,7,1249,JFK,IAD,0,
1,DH,7,1539,JFK,IAD,0,
0,DH,7,1646,JFK,IAD,0,
1,DH,7,1709,JFK,IAD,0,
0,DH,7,2111,JFK,IAD,0,
1,DH,7,1706,JFK,IAD,0,
1,DL,7,1555,JFK,DCA,0,
0,DL,7,830,LGA,DCA,0,
0,DL,7,1029,LGA,DCA,0,
1,DL,7,1230,LGA,DCA,0,
0,DL,7,1430,LGA,DCA,0,
0,DL,7,1632,LGA,DCA,0,
1,DL,7,1843,LGA,DCA,0,
0,DL,7,2029,LGA,DCA,0,
1,MQ,7,1549,JFK,DCA,0,
1,MQ,7,552,JFK,DCA,0,
0,MQ,7,919,JFK,DCA,0,
1,MQ,7,2023,JFK,DCA,0,
1,MQ,7,1330,LGA,DCA,0,
1,MQ,7,1540,LGA,DCA,0,
1,MQ,7,1818,LGA,DCA,0,
1,MQ,7,2004,LGA,DCA,0,
0,UA,7,848,LGA,IAD,0,
0,US,7,858,LGA,DCA,0,
0,US,7,954,LGA,DCA,0,
0,US,7,1102,LGA,DCA,0,
0,US,7,1159,LGA,DCA,0,
1,US,7,1257,LGA,DCA,0,
0,US,7,1356,LGA,DCA,0,
1,US,7,1555,LGA,DCA,0,
0,US,7,1757,LGA,DCA,0,
0,US,7,1855,LGA,DCA,0,
0,US,7,1957,LGA,DCA,0,
0,US,7,2055,LGA,DCA,0,
1,RU,7,1057,EWR,BWI,1,
1,RU,7,1314,EWR,BWI,0,
1,RU,7,1528,EWR,BWI,0,
0,CO,7,1258,EWR,DCA,0,
1,CO,7,1754,EWR,DCA,0,
1,CO,7,1959,EWR,DCA,0,
0,DH,7,834,EWR,IAD,0,
1,DH,7,1900,EWR,IAD,0,
1,DH,7,1246,EWR,IAD,0,
0,DH,7,2117,EWR,IAD,0,
1,RU,7,1630,EWR,IAD,0,
1,RU,7,1622,EWR,DCA,0,
0,RU,7,841,EWR,IAD,0,
0,RU,7,925,EWR,DCA,0,
0,OH,1,1455,JFK,BWI,0,
0,DH,1,1636,JFK,DCA,0,
0,DH,1,1303,LGA,IAD,0,
0,DH,1,1445,LGA,IAD,0,
0,DH,1,1709,LGA,IAD,0,
1,DH,1,10,LGA,IAD,0,
1,DH,1,847,LGA,IAD,0,
0,DH,1,1035,LGA,IAD,0,
0,DH,1,833,JFK,IAD,0,
0,DH,1,1237,JFK,IAD,0,
0,DH,1,1454,JFK,IAD,0,
0,DH,1,1641,JFK,IAD,0,
0,DH,1,1710,JFK,IAD,0,
0,DH,1,2121,JFK,IAD,0,
0,DH,1,1603,JFK,IAD,0,
1,DL,1,1506,JFK,DCA,0,
0,DL,1,731,LGA,DCA,0,
0,DL,1,842,LGA,DCA,0,
0,DL,1,1029,LGA,DCA,0,
0,DL,1,1231,LGA,DCA,0,
0,DL,1,1431,LGA,DCA,0,
0,DL,1,1530,LGA,DCA,0,
0,DL,1,1630,LGA,DCA,0,
0,DL,1,1829,LGA,DCA,0,
0,DL,1,1930,LGA,DCA,0,
0,DL,1,2029,LGA,DCA,0,
0,MQ,1,1536,JFK,DCA,0,
0,MQ,1,553,JFK,DCA,0,
1,MQ,1,1846,JFK,DCA,0,
1,MQ,1,758,LGA,DCA,0,
1,MQ,1,822,LGA,DCA,0,
0,MQ,1,858,LGA,DCA,0,
0,MQ,1,1100,LGA,DCA,0,
0,MQ,1,1253,LGA,DCA,0,
0,MQ,1,1356,LGA,DCA,0,
1,MQ,1,1534,LGA,DCA,0,
0,MQ,1,1559,LGA,DCA,0,
0,MQ,1,1717,LGA,DCA,0,
1,MQ,1,1937,LGA,DCA,0,
0,UA,1,846,LGA,IAD,0,
0,US,1,627,LGA,DCA,0,
0,US,1,656,LGA,DCA,0,
0,US,1,758,LGA,DCA,0,
0,US,1,858,LGA,DCA,0,
0,US,1,955,LGA,DCA,0,
0,US,1,1059,LGA,DCA,0,
0,US,1,1157,LGA,DCA,0,
0,US,1,1256,LGA,DCA,0,
0,US,1,1353,LGA,DCA,0,
0,US,1,1456,LGA,DCA,0,
0,US,1,1558,LGA,DCA,0,
0,US,1,1656,LGA,DCA,0,
0,US,1,1755,LGA,DCA,0,
0,US,1,1855,LGA,DCA,0,
0,US,1,1956,LGA,DCA,0,
0,US,1,2057,LGA,DCA,0,
0,RU,1,1710,EWR,BWI,0,
0,RU,1,1028,EWR,BWI,0,
0,RU,1,654,EWR,BWI,0,
0,RU,1,1451,EWR,BWI,0,
1,CO,1,1732,EWR,DCA,0,
0,CO,1,1253,EWR,DCA,0,
0,CO,1,728,EWR,DCA,0,
0,CO,1,1857,EWR,DCA,0,
0,DH,1,832,EWR,IAD,0,
0,DH,1,1705,EWR,IAD,0,
0,DH,1,1237,EWR,IAD,0,
1,DH,1,2300,EWR,IAD,0,
0,DH,1,627,EWR,IAD,0,
0,DH,1,1427,EWR,IAD,0,
1,RU,1,2051,EWR,IAD,0,
0,RU,1,1258,EWR,IAD,0,
0,RU,1,645,EWR,DCA,0,
0,RU,1,1530,EWR,DCA,0,
0,RU,1,656,EWR,IAD,0,
0,RU,1,1659,EWR,IAD,0,
0,RU,1,1455,EWR,IAD,0,
0,RU,1,1628,EWR,DCA,0,
0,RU,1,1355,EWR,DCA,0,
0,RU,1,855,EWR,DCA,0,
0,RU,1,2052,EWR,DCA,0,
0,OH,2,1500,JFK,BWI,0,
0,DH,2,1637,JFK,DCA,0,
0,DH,2,1300,LGA,IAD,0,
0,DH,2,1455,LGA,IAD,0,
0,DH,2,1725,LGA,IAD,0,
0,DH,2,2143,LGA,IAD,0,
0,DH,2,635,LGA,IAD,0,
0,DH,2,1033,LGA,IAD,0,
0,DH,2,835,JFK,IAD,0,
1,DH,2,1351,JFK,IAD,0,
0,DH,2,1446,JFK,IAD,0,
0,DH,2,1643,JFK,IAD,0,
0,DH,2,1706,JFK,IAD,0,
0,DH,2,2118,JFK,IAD,0,
0,DH,2,1632,JFK,IAD,0,
1,DL,2,1514,JFK,DCA,0,
0,DL,2,629,LGA,DCA,0,
0,DL,2,729,LGA,DCA,0,
0,DL,2,839,LGA,DCA,0,
0,DL,2,929,LGA,DCA,0,
0,DL,2,1029,LGA,DCA,0,
0,DL,2,1129,LGA,DCA,0,
0,DL,2,1227,LGA,DCA,0,
0,DL,2,1329,LGA,DCA,0,
0,DL,2,1430,LGA,DCA,0,
0,DL,2,1531,LGA,DCA,0,
1,DL,2,1717,LGA,DCA,0,
0,DL,2,1731,LGA,DCA,0,
0,DL,2,1831,LGA,DCA,0,
0,DL,2,1930,LGA,DCA,0,
0,DL,2,2029,LGA,DCA,0,
0,MQ,2,1522,JFK,DCA,0,
0,MQ,2,548,JFK,DCA,0,
0,MQ,2,1823,JFK,DCA,0,
0,MQ,2,653,LGA,DCA,0,
0,MQ,2,759,LGA,DCA,0,
0,MQ,2,850,LGA,DCA,0,
0,MQ,2,1057,LGA,DCA,0,
0,MQ,2,1255,LGA,DCA,0,
0,MQ,2,1350,LGA,DCA,0,
0,MQ,2,1458,LGA,DCA,0,
0,MQ,2,1551,LGA,DCA,0,
1,MQ,2,2004,LGA,DCA,0,
0,UA,2,844,LGA,IAD,0,
0,US,2,626,LGA,DCA,0,
0,US,2,658,LGA,DCA,0,
0,US,2,758,LGA,DCA,0,
0,US,2,859,LGA,DCA,0,
0,US,2,957,LGA,DCA,0,
0,US,2,1055,LGA,DCA,0,
0,US,2,1156,LGA,DCA,0,
0,US,2,1258,LGA,DCA,0,
0,US,2,1357,LGA,DCA,0,
0,US,2,1456,LGA,DCA,0,
0,US,2,1554,LGA,DCA,0,
0,US,2,1657,LGA,DCA,0,
0,US,2,1758,LGA,DCA,0,
0,US,2,1858,LGA,DCA,0,
0,US,2,1957,LGA,DCA,0,
0,US,2,2057,LGA,DCA,0,
0,RU,2,1453,EWR,BWI,0,
0,RU,2,1027,EWR,BWI,0,
1,RU,2,1723,EWR,BWI,0,
0,RU,2,655,EWR,BWI,0,
0,CO,2,1856,EWR,DCA,0,
0,CO,2,1723,EWR,DCA,0,
0,CO,2,1250,EWR,DCA,0,
0,CO,2,729,EWR,DCA,0,
0,DH,2,835,EWR,IAD,0,
0,DH,2,1700,EWR,IAD,0,
0,DH,2,1236,EWR,IAD,0,
0,DH,2,2113,EWR,IAD,0,
0,DH,2,625,EWR,IAD,0,
0,DH,2,1426,EWR,IAD,0,
0,RU,2,1624,EWR,DCA,0,
0,RU,2,2052,EWR,DCA,0,
0,RU,2,1357,EWR,DCA,0,
0,RU,2,1650,EWR,IAD,0,
0,RU,2,638,EWR,DCA,0,
0,RU,2,1855,EWR,IAD,0,
0,RU,2,859,EWR,DCA,0,
0,RU,2,1255,EWR,IAD,0,
1,RU,2,1555,EWR,DCA,0,
0,RU,2,1456,EWR,IAD,0,
1,RU,2,708,EWR,IAD,0,
0,OH,3,1455,JFK,BWI,0,
0,DH,3,1239,LGA,IAD,0,
0,DH,3,1448,LGA,IAD,0,
0,DH,3,1714,LGA,IAD,0,
1,DH,3,2220,LGA,IAD,0,
1,DH,3,702,LGA,IAD,0,
0,DH,3,1032,LGA,IAD,0,
0,DH,3,836,JFK,IAD,0,
0,DH,3,1237,JFK,IAD,0,
0,DH,3,1504,JFK,IAD,0,
0,DH,3,1639,JFK,IAD,0,
0,DH,3,1710,JFK,IAD,0,
0,DH,3,2118,JFK,IAD,0,
0,DH,3,1603,JFK,IAD,0,
0,DL,3,1456,JFK,DCA,0,
0,DL,3,630,LGA,DCA,0,
0,DL,3,730,LGA,DCA,0,
0,DL,3,831,LGA,DCA,0,
0,DL,3,931,LGA,DCA,0,
0,DL,3,1031,LGA,DCA,0,
0,DL,3,1131,LGA,DCA,0,
0,DL,3,1230,LGA,DCA,0,
0,DL,3,1332,LGA,DCA,0,
0,DL,3,1431,LGA,DCA,0,
0,DL,3,1530,LGA,DCA,0,
1,DL,3,1632,LGA,DCA,0,
0,DL,3,1730,LGA,DCA,0,
0,DL,3,1828,LGA,DCA,0,
0,DL,3,1928,LGA,DCA,0,
0,DL,3,2032,LGA,DCA,0,
0,MQ,3,1525,JFK,DCA,0,
0,MQ,3,555,JFK,DCA,0,
0,MQ,3,1830,JFK,DCA,0,
0,MQ,3,652,LGA,DCA,0,
0,MQ,3,753,LGA,DCA,0,
0,MQ,3,857,LGA,DCA,0,
0,MQ,3,1050,LGA,DCA,0,
0,MQ,3,1252,LGA,DCA,0,
0,MQ,3,1349,LGA,DCA,0,
0,MQ,3,1452,LGA,DCA,0,
0,MQ,3,1556,LGA,DCA,0,
0,MQ,3,1653,LGA,DCA,0,
0,MQ,3,1853,LGA,DCA,0,
0,UA,3,846,LGA,IAD,0,
0,US,3,627,LGA,DCA,0,
0,US,3,659,LGA,DCA,0,
0,US,3,759,LGA,DCA,0,
0,US,3,855,LGA,DCA,0,
0,US,3,956,LGA,DCA,0,
0,US,3,1056,LGA,DCA,0,
0,US,3,1155,LGA,DCA,0,
0,US,3,1255,LGA,DCA,0,
0,US,3,1357,LGA,DCA,0,
0,US,3,1456,LGA,DCA,0,
0,US,3,1558,LGA,DCA,0,
0,US,3,1658,LGA,DCA,0,
0,US,3,1803,LGA,DCA,0,
0,US,3,1859,LGA,DCA,0,
0,US,3,1956,LGA,DCA,0,
0,US,3,2058,LGA,DCA,0,
0,RU,3,658,EWR,BWI,0,
0,RU,3,1452,EWR,BWI,0,
1,RU,3,1726,EWR,BWI,0,
0,RU,3,1028,EWR,BWI,0,
1,CO,3,1727,EWR,DCA,0,
0,CO,3,1858,EWR,DCA,0,
0,CO,3,1256,EWR,DCA,0,
0,CO,3,728,EWR,DCA,0,
0,DH,3,859,EWR,IAD,0,
1,DH,3,1702,EWR,IAD,0,
0,DH,3,1235,EWR,IAD,0,
0,DH,3,2145,EWR,IAD,0,
0,DH,3,627,EWR,IAD,0,
0,DH,3,1424,EWR,IAD,0,
0,RU,3,643,EWR,DCA,0,
1,RU,3,1455,EWR,IAD,0,
0,RU,3,2054,EWR,DCA,0,
1,RU,3,1648,EWR,DCA,0,
0,RU,3,1857,EWR,IAD,0,
1,RU,3,1520,EWR,DCA,0,
0,RU,3,659,EWR,IAD,0,
0,RU,3,1356,EWR,DCA,0,
0,RU,3,1654,EWR,IAD,0,
0,RU,3,1251,EWR,IAD,0,
0,RU,3,858,EWR,DCA,0,
1,OH,4,1540,JFK,BWI,0,
0,DH,4,1641,JFK,DCA,0,
1,DH,4,1324,LGA,IAD,0,
1,DH,4,1540,LGA,IAD,0,
0,DH,4,1715,LGA,IAD,0,
0,DH,4,2114,LGA,IAD,0,
0,DH,4,642,LGA,IAD,0,
0,DH,4,1034,LGA,IAD,0,
0,DH,4,830,JFK,IAD,0,
0,DH,4,1237,JFK,IAD,0,
0,DH,4,1455,JFK,IAD,0,
0,DH,4,1642,JFK,IAD,0,
0,DH,4,1707,JFK,IAD,0,
0,DH,4,2116,JFK,IAD,0,
0,DH,4,1607,JFK,IAD,0,
0,DL,4,1458,JFK,DCA,0,
0,DL,4,629,LGA,DCA,0,
0,DL,4,729,LGA,DCA,0,
0,DL,4,831,LGA,DCA,0,
0,DL,4,928,LGA,DCA,0,
0,DL,4,1030,LGA,DCA,0,
0,DL,4,1129,LGA,DCA,0,
0,DL,4,1231,LGA,DCA,0,
0,DL,4,1331,LGA,DCA,0,
1,DL,4,1429,LGA,DCA,0,
0,DL,4,1530,LGA,DCA,0,
1,DL,4,1633,LGA,DCA,0,
1,DL,4,1731,LGA,DCA,0,
0,DL,4,1831,LGA,DCA,0,
0,DL,4,1928,LGA,DCA,0,
0,DL,4,2033,LGA,DCA,0,
0,MQ,4,1517,JFK,DCA,0,
0,MQ,4,553,JFK,DCA,0,
0,MQ,4,1823,JFK,DCA,0,
0,MQ,4,730,LGA,DCA,0,
0,MQ,4,758,LGA,DCA,0,
0,MQ,4,852,LGA,DCA,0,
0,MQ,4,1056,LGA,DCA,0,
0,MQ,4,1255,LGA,DCA,0,
0,MQ,4,1359,LGA,DCA,0,
0,MQ,4,1459,LGA,DCA,0,
0,MQ,4,1559,LGA,DCA,0,
0,MQ,4,1652,LGA,DCA,0,
0,MQ,4,1854,LGA,DCA,0,
0,UA,4,847,LGA,IAD,0,
0,US,4,625,LGA,DCA,0,
0,US,4,654,LGA,DCA,0,
0,US,4,754,LGA,DCA,0,
0,US,4,857,LGA,DCA,0,
0,US,4,955,LGA,DCA,0,
0,US,4,1055,LGA,DCA,0,
0,US,4,1153,LGA,DCA,0,
0,US,4,1255,LGA,DCA,0,
0,US,4,1355,LGA,DCA,0,
0,US,4,1456,LGA,DCA,0,
0,US,4,1559,LGA,DCA,0,
0,US,4,1658,LGA,DCA,0,
0,US,4,1759,LGA,DCA,0,
0,US,4,1900,LGA,DCA,0,
0,US,4,2011,LGA,DCA,0,
1,US,4,2139,LGA,DCA,0,
0,RU,4,658,EWR,BWI,0,
0,RU,4,1030,EWR,BWI,0,
0,RU,4,1450,EWR,BWI,0,
1,RU,4,1803,EWR,BWI,0,
0,CO,4,1258,EWR,DCA,0,
0,CO,4,729,EWR,DCA,0,
0,CO,4,1855,EWR,DCA,0,
1,CO,4,1721,EWR,DCA,0,
0,DH,4,831,EWR,IAD,0,
0,DH,4,1706,EWR,IAD,0,
0,DH,4,1249,EWR,IAD,0,
0,DH,4,2116,EWR,IAD,0,
0,DH,4,624,EWR,IAD,0,
0,DH,4,1425,EWR,IAD,0,
0,RU,4,1356,EWR,DCA,0,
0,RU,4,1522,EWR,DCA,0,
0,RU,4,1627,EWR,DCA,0,
0,RU,4,1307,EWR,IAD,0,
0,RU,4,641,EWR,DCA,0,
0,RU,4,1451,EWR,IAD,0,
0,RU,4,1656,EWR,IAD,0,
0,RU,4,655,EWR,IAD,0,
0,RU,4,1850,EWR,IAD,0,
0,RU,4,2052,EWR,DCA,0,
0,RU,4,854,EWR,DCA,0,
1,OH,5,1622,JFK,BWI,0,
0,DH,5,1640,JFK,DCA,0,
1,DH,5,1239,LGA,IAD,0,
0,DH,5,1715,LGA,IAD,0,
1,DH,5,109,LGA,IAD,0,
0,DH,5,634,LGA,IAD,0,
0,DH,5,1048,LGA,IAD,0,
0,DH,5,832,JFK,IAD,0,
0,DH,5,1236,JFK,IAD,0,
0,DH,5,1458,JFK,IAD,0,
0,DH,5,1642,JFK,IAD,0,
0,DH,5,1706,JFK,IAD,0,
0,DH,5,2120,JFK,IAD,0,
0,DH,5,1609,JFK,IAD,0,
0,DL,5,1456,JFK,DCA,0,
0,DL,5,627,LGA,DCA,0,
0,DL,5,726,LGA,DCA,0,
0,DL,5,828,LGA,DCA,0,
0,DL,5,928,LGA,DCA,0,
0,DL,5,1029,LGA,DCA,0,
0,DL,5,1128,LGA,DCA,0,
0,DL,5,1229,LGA,DCA,0,
0,DL,5,1428,LGA,DCA,0,
0,DL,5,1529,LGA,DCA,0,
0,DL,5,1631,LGA,DCA,0,
0,DL,5,1732,LGA,DCA,0,
0,DL,5,1829,LGA,DCA,0,
0,DL,5,1929,LGA,DCA,0,
0,DL,5,2028,LGA,DCA,0,
1,MQ,5,1530,JFK,DCA,0,
0,MQ,5,553,JFK,DCA,0,
0,MQ,5,1827,JFK,DCA,0,
0,MQ,5,655,LGA,DCA,0,
0,MQ,5,755,LGA,DCA,0,
0,MQ,5,850,LGA,DCA,0,
0,MQ,5,1047,LGA,DCA,0,
1,MQ,5,1253,LGA,DCA,0,
0,MQ,5,1358,LGA,DCA,0,
0,MQ,5,1655,LGA,DCA,0,
0,MQ,5,1858,LGA,DCA,0,
0,UA,5,853,LGA,IAD,0,
0,US,5,626,LGA,DCA,0,
0,US,5,656,LGA,DCA,0,
0,US,5,757,LGA,DCA,0,
0,US,5,855,LGA,DCA,0,
0,US,5,956,LGA,DCA,0,
0,US,5,1057,LGA,DCA,0,
0,US,5,1157,LGA,DCA,0,
1,US,5,1259,LGA,DCA,0,
0,US,5,1355,LGA,DCA,0,
0,US,5,1502,LGA,DCA,0,
0,US,5,1659,LGA,DCA,0,
0,US,5,1759,LGA,DCA,0,
0,US,5,1859,LGA,DCA,0,
0,US,5,1958,LGA,DCA,0,
0,US,5,2055,LGA,DCA,0,
1,RU,5,1449,EWR,BWI,0,
0,RU,5,1032,EWR,BWI,0,
0,RU,5,1726,EWR,BWI,0,
0,RU,5,654,EWR,BWI,0,
0,CO,5,1731,EWR,DCA,0,
0,CO,5,1254,EWR,DCA,0,
0,CO,5,728,EWR,DCA,0,
1,CO,5,1849,EWR,DCA,0,
0,DH,5,833,EWR,IAD,0,
1,DH,5,1820,EWR,IAD,0,
0,DH,5,1235,EWR,IAD,0,
1,DH,5,2239,EWR,IAD,0,
0,DH,5,626,EWR,IAD,0,
0,DH,5,1427,EWR,IAD,0,
0,RU,5,2054,EWR,DCA,0,
0,RU,5,1629,EWR,DCA,0,
0,RU,5,700,EWR,IAD,0,
0,RU,5,641,EWR,DCA,0,
0,RU,5,1451,EWR,IAD,0,
0,RU,5,1851,EWR,IAD,0,
0,RU,5,1252,EWR,IAD,0,
1,RU,5,1528,EWR,DCA,0,
0,RU,5,1657,EWR,IAD,0,
0,RU,5,901,EWR,DCA,0,
0,RU,5,1356,EWR,DCA,0,
0,OH,6,1455,JFK,BWI,0,
0,DH,6,1633,JFK,DCA,0,
0,DH,6,1240,LGA,IAD,0,
0,DH,6,1711,LGA,IAD,0,
0,DH,6,2119,LGA,IAD,0,
0,DH,6,832,JFK,IAD,0,
0,DH,6,1305,JFK,IAD,0,
0,DH,6,1644,JFK,IAD,0,
1,DH,6,1715,JFK,IAD,0,
0,DH,6,2125,JFK,IAD,0,
0,DH,6,1751,JFK,IAD,0,
1,DL,6,1511,JFK,DCA,0,
0,DL,6,730,LGA,DCA,0,
0,DL,6,829,LGA,DCA,0,
0,DL,6,1028,LGA,DCA,0,
0,DL,6,1230,LGA,DCA,0,
0,DL,6,1428,LGA,DCA,0,
0,DL,6,1630,LGA,DCA,0,
0,DL,6,1829,LGA,DCA,0,
0,DL,6,2031,LGA,DCA,0,
0,MQ,6,1525,JFK,DCA,0,
0,MQ,6,550,JFK,DCA,0,
0,MQ,6,1812,JFK,DCA,0,
1,MQ,6,931,LGA,DCA,0,
0,MQ,6,1319,LGA,DCA,0,
0,UA,6,849,LGA,IAD,0,
0,US,6,657,LGA,DCA,0,
0,US,6,919,LGA,DCA,0,
0,US,6,1058,LGA,DCA,0,
0,US,6,1259,LGA,DCA,0,
0,US,6,1457,LGA,DCA,0,
0,US,6,1656,LGA,DCA,0,
0,US,6,1854,LGA,DCA,0,
0,RU,6,1453,EWR,BWI,0,
0,RU,6,1715,EWR,BWI,0,
1,RU,6,654,EWR,BWI,0,
0,RU,6,1029,EWR,BWI,0,
0,CO,6,1252,EWR,DCA,0,
0,DH,6,824,EWR,IAD,0,
0,DH,6,1658,EWR,IAD,0,
0,DH,6,1240,EWR,IAD,0,
0,DH,6,2118,EWR,IAD,0,
0,RU,6,929,EWR,DCA,0,
0,RU,6,1456,EWR,IAD,0,
0,RU,6,1556,EWR,DCA,0,
1,RU,6,659,EWR,IAD,0,
0,RU,6,640,EWR,DCA,0,
0,RU,6,1358,EWR,DCA,0,
0,RU,6,1658,EWR,IAD,0,
0,RU,6,1728,EWR,DCA,0,
0,OH,7,1455,JFK,BWI,0,
0,DH,7,1656,JFK,DCA,0,
0,DH,7,1251,LGA,IAD,0,
0,DH,7,1455,LGA,IAD,0,
1,DH,7,1900,LGA,IAD,0,
1,DH,7,2244,LGA,IAD,0,
0,DH,7,901,JFK,IAD,0,
1,DH,7,1326,JFK,IAD,0,
0,DH,7,1452,JFK,IAD,0,
0,DH,7,1641,JFK,IAD,0,
1,DH,7,1715,JFK,IAD,0,
1,DH,7,2122,JFK,IAD,1,
0,DH,7,1600,JFK,IAD,0,
1,DL,7,1535,JFK,DCA,0,
0,DL,7,826,LGA,DCA,0,
0,DL,7,1026,LGA,DCA,0,
0,DL,7,1128,LGA,DCA,0,
0,DL,7,1229,LGA,DCA,0,
0,DL,7,1330,LGA,DCA,0,
0,DL,7,1429,LGA,DCA,0,
0,DL,7,1530,LGA,DCA,0,
0,DL,7,1633,LGA,DCA,0,
0,DL,7,1729,LGA,DCA,0,
0,DL,7,1829,LGA,DCA,0,
0,DL,7,1930,LGA,DCA,0,
0,DL,7,2031,LGA,DCA,0,
1,MQ,7,1604,JFK,DCA,0,
0,MQ,7,917,JFK,DCA,0,
0,MQ,7,1852,JFK,DCA,0,
0,MQ,7,1255,LGA,DCA,0,
1,MQ,7,1528,LGA,DCA,0,
0,MQ,7,1659,LGA,DCA,0,
0,MQ,7,1859,LGA,DCA,0,
0,UA,7,845,LGA,IAD,0,
0,US,7,859,LGA,DCA,0,
0,US,7,954,LGA,DCA,0,
0,US,7,1053,LGA,DCA,0,
0,US,7,1156,LGA,DCA,0,
0,US,7,1254,LGA,DCA,0,
0,US,7,1356,LGA,DCA,0,
0,US,7,1455,LGA,DCA,0,
0,US,7,1600,LGA,DCA,0,
0,US,7,1655,LGA,DCA,0,
0,US,7,1754,LGA,DCA,0,
0,US,7,1855,LGA,DCA,0,
0,US,7,1953,LGA,DCA,0,
1,US,7,2057,LGA,DCA,0,
0,RU,7,1456,EWR,BWI,0,
1,RU,7,1137,EWR,BWI,0,
0,RU,7,1729,EWR,BWI,0,
0,RU,7,1313,EWR,BWI,0,
0,CO,7,1620,EWR,DCA,0,
0,CO,7,1251,EWR,DCA,0,
0,CO,7,1856,EWR,DCA,0,
0,DH,7,830,EWR,IAD,0,
0,DH,7,1720,EWR,IAD,0,
0,DH,7,1238,EWR,IAD,0,
1,DH,7,2120,EWR,IAD,0,
1,DH,7,1521,EWR,IAD,0,
1,RU,7,2244,EWR,DCA,0,
0,RU,7,926,EWR,DCA,0,
0,RU,7,840,EWR,IAD,0,
1,RU,7,1859,EWR,IAD,0,
0,RU,7,1456,EWR,IAD,0,
0,RU,7,1655,EWR,IAD,0,
0,RU,7,1356,EWR,DCA,0,
0,RU,7,1736,EWR,DCA,0,
0,OH,1,1500,JFK,BWI,0,
0,DH,1,1243,LGA,IAD,0,
1,DH,1,1612,LGA,IAD,0,
1,DH,1,1947,LGA,IAD,0,
1,DH,1,2150,LGA,IAD,0,
1,DH,1,1001,LGA,IAD,0,
1,DH,1,1035,LGA,IAD,0,
0,DH,1,839,JFK,IAD,0,
0,DH,1,1235,JFK,IAD,0,
1,DH,1,1459,JFK,IAD,0,
1,DH,1,1759,JFK,IAD,0,
1,DH,1,1829,JFK,IAD,0,
0,DH,1,2120,JFK,IAD,0,
0,DH,1,1635,JFK,IAD,0,
1,DL,1,1509,JFK,DCA,1,
1,DL,1,741,LGA,DCA,1,
0,DL,1,929,LGA,DCA,0,
0,DL,1,1033,LGA,DCA,0,
0,DL,1,1129,LGA,DCA,0,
0,DL,1,1229,LGA,DCA,0,
0,DL,1,1328,LGA,DCA,0,
1,DL,1,1433,LGA,DCA,0,
1,DL,1,1540,LGA,DCA,1,
0,DL,1,1634,LGA,DCA,0,
0,DL,1,1730,LGA,DCA,0,
0,DL,1,1931,LGA,DCA,0,
0,DL,1,2031,LGA,DCA,0,
1,MQ,1,1619,JFK,DCA,1,
1,MQ,1,1956,JFK,DCA,1,
1,MQ,1,1017,LGA,DCA,1,
1,MQ,1,920,LGA,DCA,1,
1,MQ,1,1607,LGA,DCA,1,
1,MQ,1,2010,LGA,DCA,1,
1,UA,1,929,LGA,IAD,1,
1,US,1,646,LGA,DCA,0,
1,US,1,729,LGA,DCA,0,
0,US,1,801,LGA,DCA,0,
1,US,1,925,LGA,DCA,1,
0,US,1,956,LGA,DCA,0,
1,US,1,1100,LGA,DCA,0,
0,US,1,1358,LGA,DCA,0,
0,US,1,1559,LGA,DCA,0,
0,US,1,1703,LGA,DCA,0,
0,US,1,1756,LGA,DCA,0,
0,US,1,1900,LGA,DCA,0,
0,US,1,1955,LGA,DCA,0,
1,US,1,2118,LGA,DCA,0,
1,RU,1,1737,EWR,BWI,0,
0,RU,1,1504,EWR,BWI,0,
1,CO,1,750,EWR,DCA,1,
1,CO,1,1922,EWR,DCA,0,
0,CO,1,1254,EWR,DCA,0,
0,DH,1,840,EWR,IAD,0,
1,DH,1,1501,EWR,IAD,0,
1,DH,1,2150,EWR,IAD,0,
0,DH,1,632,EWR,IAD,0,
1,DH,1,1457,EWR,IAD,1,
1,RU,1,1500,EWR,IAD,0,
0,RU,1,2055,EWR,DCA,0,
0,RU,1,856,EWR,DCA,0,
1,RU,1,1939,EWR,IAD,0,
0,RU,1,1258,EWR,IAD,0,
1,RU,1,1754,EWR,IAD,0,
0,RU,1,1358,EWR,DCA,0,
1,RU,1,1755,EWR,DCA,1,
0,OH,2,1515,JFK,BWI,0,
1,DH,2,1941,JFK,DCA,0,
1,DH,2,1409,LGA,IAD,1,
1,DH,2,1520,LGA,IAD,1,
1,DH,2,1735,LGA,IAD,1,
1,DH,2,845,LGA,IAD,1,
0,DH,2,1031,LGA,IAD,0,
1,DH,2,837,JFK,IAD,0,
1,DH,2,1342,JFK,IAD,0,
1,DH,2,1512,JFK,IAD,1,
1,DH,2,1915,JFK,IAD,1,
1,DH,2,2155,JFK,IAD,1,
1,DL,2,1505,JFK,DCA,0,
0,DL,2,731,LGA,DCA,0,
1,DL,2,842,LGA,DCA,0,
0,DL,2,1032,LGA,DCA,0,
0,DL,2,1231,LGA,DCA,0,
0,DL,2,1430,LGA,DCA,0,
1,DL,2,1750,LGA,DCA,0,
1,DL,2,1927,LGA,DCA,0,
1,DL,2,2030,LGA,DCA,0,
1,MQ,2,1551,JFK,DCA,0,
1,MQ,2,1915,JFK,DCA,1,
1,MQ,2,700,LGA,DCA,0,
0,MQ,2,810,LGA,DCA,0,
1,MQ,2,1612,LGA,DCA,1,
0,MQ,2,1459,LGA,DCA,0,
1,MQ,2,1855,LGA,DCA,1,
1,UA,2,1026,LGA,IAD,1,
0,US,2,625,LGA,DCA,0,
0,US,2,657,LGA,DCA,0,
0,US,2,757,LGA,DCA,0,
0,US,2,858,LGA,DCA,0,
0,US,2,956,LGA,DCA,0,
0,US,2,1057,LGA,DCA,0,
0,US,2,1156,LGA,DCA,0,
0,US,2,1300,LGA,DCA,0,
0,US,2,1357,LGA,DCA,0,
0,US,2,1457,LGA,DCA,0,
0,US,2,1559,LGA,DCA,0,
0,US,2,1657,LGA,DCA,0,
1,RU,2,657,EWR,BWI,0,
1,CO,2,1813,EWR,DCA,1,
1,CO,2,1257,EWR,DCA,0,
1,DH,2,840,EWR,IAD,0,
1,DH,2,1824,EWR,IAD,1,
1,DH,2,1348,EWR,IAD,0,
1,DH,2,2150,EWR,IAD,0,
1,DH,2,1444,EWR,IAD,1,
1,RU,2,1456,EWR,IAD,0,
1,RU,2,711,EWR,IAD,1,
0,RU,2,641,EWR,DCA,0,
0,OH,3,1500,JFK,BWI,0,
0,DH,3,1631,JFK,DCA,0,
0,DH,3,1238,LGA,IAD,0,
1,DH,3,1552,LGA,IAD,0,
0,DH,3,1744,LGA,IAD,0,
1,DH,3,2151,LGA,IAD,0,
0,DH,3,640,LGA,IAD,0,
0,DH,3,1038,LGA,IAD,0,
1,DH,3,912,JFK,IAD,0,
1,DH,3,1331,JFK,IAD,0,
0,DH,3,1451,JFK,IAD,0,
0,DH,3,1642,JFK,IAD,0,
1,DH,3,1832,JFK,IAD,0,
0,DH,3,2118,JFK,IAD,0,
0,DH,3,1610,JFK,IAD,0,
0,DL,3,1451,JFK,DCA,0,
0,DL,3,729,LGA,DCA,0,
0,DL,3,931,LGA,DCA,0,
0,DL,3,1130,LGA,DCA,0,
0,DL,3,1329,LGA,DCA,0,
0,DL,3,1529,LGA,DCA,0,
0,DL,3,1729,LGA,DCA,0,
0,DL,3,1830,LGA,DCA,0,
1,DL,3,2030,LGA,DCA,0,
0,MQ,3,1529,JFK,DCA,0,
0,MQ,3,1833,JFK,DCA,0,
1,MQ,3,756,LGA,DCA,0,
1,MQ,3,1424,LGA,DCA,0,
0,MQ,3,1513,LGA,DCA,0,
0,MQ,3,1551,LGA,DCA,0,
1,MQ,3,1719,LGA,DCA,0,
1,MQ,3,1941,LGA,DCA,0,
0,UA,3,849,LGA,IAD,0,
0,US,3,628,LGA,DCA,0,
0,US,3,657,LGA,DCA,0,
1,US,3,830,LGA,DCA,0,
1,US,3,921,LGA,DCA,0,
0,US,3,1005,LGA,DCA,0,
0,US,3,1056,LGA,DCA,0,
0,US,3,1257,LGA,DCA,0,
1,US,3,1458,LGA,DCA,0,
1,US,3,1555,LGA,DCA,0,
0,US,3,1656,LGA,DCA,0,
0,US,3,1758,LGA,DCA,0,
0,US,3,1855,LGA,DCA,0,
1,US,3,1956,LGA,DCA,0,
0,US,3,2054,LGA,DCA,0,
0,RU,3,1454,EWR,BWI,0,
0,RU,3,1022,EWR,BWI,0,
1,RU,3,1848,EWR,BWI,0,
0,CO,3,1723,EWR,DCA,0,
1,CO,3,1937,EWR,DCA,0,
0,CO,3,1256,EWR,DCA,0,
0,DH,3,836,EWR,IAD,0,
1,DH,3,1715,EWR,IAD,0,
1,DH,3,1354,EWR,IAD,0,
0,DH,3,2116,EWR,IAD,0,
0,DH,3,627,EWR,IAD,0,
0,DH,3,1425,EWR,IAD,0,
0,RU,3,1355,EWR,DCA,0,
0,RU,3,1650,EWR,IAD,0,
1,RU,3,2120,EWR,DCA,0,
0,RU,3,1855,EWR,IAD,0,
0,RU,3,1628,EWR,DCA,0,
1,RU,3,911,EWR,DCA,0,
0,RU,3,700,EWR,IAD,0,
0,RU,3,1523,EWR,DCA,0,
0,RU,3,1453,EWR,IAD,0,
0,OH,4,1455,JFK,BWI,0,
0,DH,4,1636,JFK,DCA,0,
1,DH,4,1321,LGA,IAD,0,
1,DH,4,1609,LGA,IAD,0,
1,DH,4,1939,LGA,IAD,0,
0,DH,4,2120,LGA,IAD,0,
1,DH,4,721,LGA,IAD,0,
0,DH,4,837,JFK,IAD,0,
0,DH,4,1232,JFK,IAD,0,
0,DH,4,1450,JFK,IAD,0,
0,DH,4,1644,JFK,IAD,0,
0,DH,4,1737,JFK,IAD,0,
0,DH,4,2115,JFK,IAD,0,
0,DH,4,1613,JFK,IAD,0,
1,DL,4,1500,JFK,DCA,0,
0,DL,4,630,LGA,DCA,0,
0,DL,4,728,LGA,DCA,0,
1,DL,4,834,LGA,DCA,0,
0,DL,4,1032,LGA,DCA,0,
0,DL,4,1128,LGA,DCA,0,
0,DL,4,1230,LGA,DCA,0,
0,DL,4,1329,LGA,DCA,0,
0,DL,4,1430,LGA,DCA,0,
0,DL,4,1531,LGA,DCA,0,
0,DL,4,1629,LGA,DCA,0,
0,DL,4,1730,LGA,DCA,0,
0,DL,4,1829,LGA,DCA,0,
0,DL,4,1928,LGA,DCA,0,
0,DL,4,2031,LGA,DCA,0,
1,MQ,4,1633,JFK,DCA,0,
0,MQ,4,559,JFK,DCA,0,
0,MQ,4,1829,JFK,DCA,0,
1,MQ,4,650,LGA,DCA,0,
0,MQ,4,749,LGA,DCA,0,
0,MQ,4,855,LGA,DCA,0,
0,MQ,4,1257,LGA,DCA,0,
1,MQ,4,1428,LGA,DCA,0,
1,MQ,4,1527,LGA,DCA,0,
0,MQ,4,1654,LGA,DCA,0,
0,MQ,4,1902,LGA,DCA,0,
0,UA,4,848,LGA,IAD,0,
0,US,4,632,LGA,DCA,0,
1,US,4,657,LGA,DCA,0,
0,US,4,755,LGA,DCA,0,
0,US,4,858,LGA,DCA,0,
0,US,4,958,LGA,DCA,0,
0,US,4,1058,LGA,DCA,0,
0,US,4,1155,LGA,DCA,0,
0,US,4,1256,LGA,DCA,0,
0,US,4,1356,LGA,DCA,0,
0,US,4,1457,LGA,DCA,0,
0,US,4,1556,LGA,DCA,0,
0,US,4,1659,LGA,DCA,0,
0,US,4,1758,LGA,DCA,0,
0,US,4,1857,LGA,DCA,0,
0,US,4,2001,LGA,DCA,0,
0,US,4,2055,LGA,DCA,0,
0,RU,4,1718,EWR,BWI,0,
0,RU,4,659,EWR,BWI,0,
0,RU,4,1030,EWR,BWI,0,
0,RU,4,1451,EWR,BWI,0,
0,CO,4,1255,EWR,DCA,0,
0,CO,4,1728,EWR,DCA,0,
0,CO,4,732,EWR,DCA,0,
0,CO,4,1852,EWR,DCA,0,
1,DH,4,913,EWR,IAD,0,
0,DH,4,1659,EWR,IAD,0,
0,DH,4,1237,EWR,IAD,0,
1,DH,4,2211,EWR,IAD,0,
0,DH,4,627,EWR,IAD,0,
0,DH,4,1427,EWR,IAD,0,
0,RU,4,2057,EWR,DCA,0,
0,RU,4,1633,EWR,DCA,0,
0,RU,4,1452,EWR,IAD,0,
0,RU,4,640,EWR,DCA,0,
0,RU,4,654,EWR,IAD,0,
0,RU,4,1855,EWR,IAD,0,
1,RU,4,1405,EWR,DCA,0,
0,RU,4,1259,EWR,IAD,0,
1,RU,4,1620,EWR,DCA,0,
0,RU,4,857,EWR,DCA,0,
0,RU,4,1659,EWR,IAD,0,
0,OH,5,1455,JFK,BWI,0,
0,DH,5,1640,JFK,DCA,0,
0,DH,5,1237,LGA,IAD,0,
1,DH,5,1528,LGA,IAD,0,
0,DH,5,1709,LGA,IAD,0,
0,DH,5,2127,LGA,IAD,0,
0,DH,5,632,LGA,IAD,0,
0,DH,5,1030,LGA,IAD,0,
0,DH,5,831,JFK,IAD,0,
0,DH,5,1241,JFK,IAD,0,
0,DH,5,1459,JFK,IAD,0,
0,DH,5,1641,JFK,IAD,0,
0,DH,5,1714,JFK,IAD,0,
1,DH,5,2214,JFK,IAD,0,
0,DH,5,1609,JFK,IAD,0,
1,DL,5,1510,JFK,DCA,0,
0,DL,5,630,LGA,DCA,0,
0,DL,5,730,LGA,DCA,0,
0,DL,5,830,LGA,DCA,0,
0,DL,5,931,LGA,DCA,0,
0,DL,5,1031,LGA,DCA,0,
0,DL,5,1131,LGA,DCA,0,
0,DL,5,1231,LGA,DCA,0,
0,DL,5,1331,LGA,DCA,0,
0,DL,5,1432,LGA,DCA,0,
0,DL,5,1531,LGA,DCA,0,
0,DL,5,1632,LGA,DCA,0,
0,DL,5,1730,LGA,DCA,0,
0,DL,5,1830,LGA,DCA,0,
0,DL,5,1927,LGA,DCA,0,
0,DL,5,2031,LGA,DCA,0,
0,MQ,5,1523,JFK,DCA,0,
0,MQ,5,1843,JFK,DCA,0,
0,MQ,5,703,LGA,DCA,0,
1,MQ,5,827,LGA,DCA,1,
0,MQ,5,850,LGA,DCA,0,
0,MQ,5,1056,LGA,DCA,0,
0,MQ,5,1251,LGA,DCA,0,
0,MQ,5,1358,LGA,DCA,0,
0,MQ,5,1458,LGA,DCA,0,
1,MQ,5,1703,LGA,DCA,0,
0,MQ,5,1656,LGA,DCA,0,
0,UA,5,849,LGA,IAD,0,
0,US,5,638,LGA,DCA,0,
0,US,5,656,LGA,DCA,0,
0,US,5,754,LGA,DCA,0,
0,US,5,858,LGA,DCA,0,
0,US,5,957,LGA,DCA,0,
0,US,5,1057,LGA,DCA,0,
0,US,5,1155,LGA,DCA,0,
0,US,5,1256,LGA,DCA,0,
0,US,5,1356,LGA,DCA,0,
0,US,5,1459,LGA,DCA,0,
0,US,5,1556,LGA,DCA,0,
1,US,5,1656,LGA,DCA,0,
0,US,5,1758,LGA,DCA,0,
0,US,5,1856,LGA,DCA,0,
0,US,5,2004,LGA,DCA,0,
0,US,5,2057,LGA,DCA,0,
1,RU,5,1748,EWR,BWI,0,
0,RU,5,700,EWR,BWI,0,
1,RU,5,1513,EWR,BWI,0,
0,RU,5,1037,EWR,BWI,0,
0,CO,5,1728,EWR,DCA,0,
0,CO,5,1257,EWR,DCA,0,
0,CO,5,1851,EWR,DCA,0,
0,CO,5,727,EWR,DCA,0,
0,DH,5,832,EWR,IAD,0,
0,DH,5,1715,EWR,IAD,0,
1,DH,5,1242,EWR,IAD,0,
0,DH,5,2116,EWR,IAD,0,
0,DH,5,623,EWR,IAD,0,
0,DH,5,1426,EWR,IAD,0,
0,RU,5,1255,EWR,IAD,0,
0,RU,5,2056,EWR,DCA,0,
1,RU,5,1657,EWR,IAD,0,
1,RU,5,1856,EWR,IAD,0,
0,RU,5,643,EWR,DCA,0,
1,RU,5,1359,EWR,DCA,0,
1,RU,5,1601,EWR,DCA,0,
0,RU,5,1630,EWR,DCA,0,
0,RU,5,858,EWR,DCA,0,
1,RU,5,1456,EWR,IAD,0,
1,RU,5,659,EWR,IAD,0,
0,OH,6,1505,JFK,BWI,0,
0,DH,6,1633,JFK,DCA,0,
0,DH,6,1243,LGA,IAD,0,
0,DH,6,1711,LGA,IAD,0,
0,DH,6,2117,LGA,IAD,0,
1,DH,6,931,JFK,IAD,0,
0,DH,6,1238,JFK,IAD,0,
0,DH,6,1639,JFK,IAD,0,
0,DH,6,1706,JFK,IAD,0,
0,DH,6,2115,JFK,IAD,0,
0,DH,6,1750,JFK,IAD,0,
0,DL,6,1500,JFK,DCA,0,
0,DL,6,727,LGA,DCA,0,
1,DL,6,840,LGA,DCA,0,
0,DL,6,1030,LGA,DCA,0,
0,DL,6,1231,LGA,DCA,0,
0,DL,6,1429,LGA,DCA,0,
0,DL,6,1629,LGA,DCA,0,
0,DL,6,1829,LGA,DCA,0,
0,DL,6,2026,LGA,DCA,0,
0,MQ,6,1514,JFK,DCA,0,
0,MQ,6,613,JFK,DCA,0,
0,MQ,6,1819,JFK,DCA,0,
0,MQ,6,904,LGA,DCA,0,
0,MQ,6,1254,LGA,DCA,0,
0,UA,6,847,LGA,IAD,0,
0,US,6,706,LGA,DCA,0,
0,US,6,857,LGA,DCA,0,
0,US,6,1058,LGA,DCA,0,
0,US,6,1256,LGA,DCA,0,
0,US,6,1457,LGA,DCA,0,
0,US,6,1655,LGA,DCA,0,
0,US,6,1856,LGA,DCA,0,
0,RU,6,1025,EWR,BWI,0,
0,RU,6,1449,EWR,BWI,0,
0,RU,6,1715,EWR,BWI,0,
0,RU,6,704,EWR,BWI,0,
0,CO,6,1255,EWR,DCA,0,
0,DH,6,840,EWR,IAD,0,
0,DH,6,1659,EWR,IAD,0,
0,DH,6,1247,EWR,IAD,0,
0,DH,6,2111,EWR,IAD,0,
0,RU,6,1458,EWR,IAD,0,
0,RU,6,925,EWR,DCA,0,
0,RU,6,650,EWR,IAD,0,
0,RU,6,644,EWR,DCA,0,
0,RU,6,1653,EWR,IAD,0,
0,RU,6,1558,EWR,DCA,0,
0,RU,6,1403,EWR,DCA,0,
0,RU,6,1736,EWR,DCA,0,
